day,feature,size_auc,size_plus_auc,delta_auc,wins,lrt_p,direction,alone_auc,corr_with_size,q
3.0,circularity,0.6097739130434783,0.5459826086956523,-0.06379130434782598,0,0.7133571115658592,higher = Not Acc.,0.5179130434782608,-0.09897082026960197,0.8359520634783484
3.0,solidity,0.6097739130434783,0.5517565217391305,-0.0580173913043478,0,0.7428618181878365,higher = Not Acc.,0.47513043478260875,-0.004613842821951631,0.8453255172482277
3.0,elongation,0.6097739130434783,0.5464695652173912,-0.06330434782608707,0,0.9199459998302183,higher = Acceptable,0.4817391304347826,0.2826463982102493,0.9546609432200379
3.0,n_concavities,0.6097739130434783,0.5541217391304348,-0.055652173913043446,1,0.7055866998919933,higher = Not Acc.,0.5716521739130435,0.20078465337871057,0.8359520634783484
3.0,boundary_roughness,0.6097739130434783,0.5807652173913043,-0.02900869565217401,0,0.9135436056814138,higher = Not Acc.,0.4885217391304348,0.15453778023029013,0.9546609432200379
3.0,mean_intensity,0.6097739130434783,0.5724521739130435,-0.037321739130434795,0,0.44679315647613305,higher = Acceptable,0.49982608695652175,-0.14647473641094894,0.7912919511686192
3.0,intensity_sd,0.6097739130434783,0.5627130434782608,-0.04706086956521749,0,0.5141982241634493,higher = Acceptable,0.5321739130434783,0.34546902191314227,0.8325051017031915
3.0,translucent_frac,0.6097739130434783,0.559686956521739,-0.05008695652173922,0,0.712432740013007,higher = Acceptable,0.6219130434782609,0.30031932597258765,0.8359520634783484
3.0,dense_frac,0.6097739130434783,0.5783304347826087,-0.03144347826086957,0,0.7199613273877934,higher = Not Acc.,0.5380869565217391,0.18165797929520971,0.8359520634783484
3.0,texture_sharpness,0.6097739130434783,0.5581913043478262,-0.05158260869565212,0,0.6630957678933591,higher = Acceptable,0.5547826086956522,0.3535756111967363,0.8359520634783484
3.0,glcm_contrast,0.6097739130434783,0.5587478260869566,-0.051026086956521666,0,0.6372151631619059,higher = Acceptable,0.5596521739130434,0.24766094218082466,0.8359520634783484
3.0,glcm_homogeneity,0.6097739130434783,0.5646956521739129,-0.045078260869565345,0,0.6027344052382375,higher = Not Acc.,0.48,0.1434718720639457,0.8357241753303294
3.0,rim_minus_core,0.6097739130434783,0.5934608695652175,-0.01631304347826079,2,0.3236787938430704,higher = Acceptable,0.4893913043478261,0.5353245546397786,0.6909205785490354
3.0,rim_sd,0.6097739130434783,0.569704347826087,-0.040069565217391245,1,0.6440319039060455,higher = Acceptable,0.47095652173913044,0.43470789490582473,0.8359520634783484
3.0,edge_sharpness,0.6097739130434783,0.5759304347826089,-0.03384347826086942,0,0.546440102645364,higher = Not Acc.,0.41495652173913045,0.46062828399464406,0.8325051017031915
6.0,circularity,0.5914434782608695,0.6207304347826087,0.029286956521739183,9,0.04973879606752979,higher = Not Acc.,0.4643478260869565,-0.5164227201311061,0.33477430739559616
6.0,solidity,0.5914434782608695,0.6489391304347827,0.05749565217391317,10,0.018545453305525317,higher = Not Acc.,0.4281739130434783,-0.4619805340131493,0.19124998721322983
6.0,elongation,0.5914434782608695,0.6695652173913043,0.07812173913043474,10,0.0059241004697522795,higher = Acceptable,0.6187826086956522,0.30732847478937736,0.07519050596224047
6.0,n_concavities,0.5914434782608695,0.6277913043478262,0.036347826086956636,10,0.04403493548788182,higher = Acceptable,0.4923478260869565,0.22293719366872017,0.33026201615911366
6.0,boundary_roughness,0.5914434782608695,0.5325565217391304,-0.05888695652173914,1,0.7018112775880161,higher = Acceptable,0.5547826086956522,0.09814174543961476,0.8359520634783484
6.0,mean_intensity,0.5914434782608695,0.5437217391304348,-0.04772173913043476,0,0.35069840322652346,higher = Acceptable,0.5238260869565218,-0.09969012720905918,0.7112778640555816
6.0,intensity_sd,0.5914434782608695,0.555095652173913,-0.036347826086956525,0,0.3270574861003498,higher = Acceptable,0.49147826086956525,0.4382591493842437,0.6909205785490354
6.0,translucent_frac,0.5914434782608695,0.5449043478260871,-0.046539130434782416,0,0.9410045115387662,higher = Acceptable,0.4913043478260869,0.23819223129069542,0.9584305210117063
6.0,dense_frac,0.5914434782608695,0.5431652173913044,-0.048278260869565104,0,0.15054133845648499,higher = Not Acc.,0.4427826086956522,0.30326489206463525,0.5046930031212236
6.0,texture_sharpness,0.5914434782608695,0.5647304347826088,-0.026713043478260756,0,0.23649055173937805,higher = Acceptable,0.5106086956521739,0.3440822785122819,0.6403650565461564
6.0,glcm_contrast,0.5914434782608695,0.5520347826086958,-0.03940869565217375,0,0.45066734620669935,higher = Acceptable,0.5213913043478261,0.313158943291663,0.7912919511686192
6.0,glcm_homogeneity,0.5914434782608695,0.5741913043478261,-0.017252173913043456,3,0.07222719381962926,higher = Not Acc.,0.44208695652173907,-0.17852456570036673,0.3724214681324634
6.0,rim_minus_core,0.5914434782608695,0.6060173913043478,0.014573913043478326,8,0.1380577834377536,higher = Not Acc.,0.36486956521739133,0.4669989506396878,0.49379234889187873
6.0,rim_sd,0.5914434782608695,0.6154434782608696,0.024000000000000132,8,0.07114492007958205,higher = Not Acc.,0.37495652173913047,0.2467576808513068,0.3724214681324634
6.0,edge_sharpness,0.5914434782608695,0.6093565217391305,0.017913043478260948,8,0.06946384991767682,higher = Not Acc.,0.38991304347826083,0.10047181913036728,0.3724214681324634
8.0,circularity,0.5928695652173913,0.5750260869565218,-0.017843478260869516,2,0.35189421885879635,higher = Not Acc.,0.4448695652173913,-0.4634726498422905,0.7112778640555816
8.0,solidity,0.5928695652173913,0.559791304347826,-0.033078260869565335,0,0.42784729840223035,higher = Not Acc.,0.4052173913043478,-0.42930248062261234,0.7761713280433146
8.0,elongation,0.5928695652173913,0.5572869565217392,-0.03558260869565211,1,0.5851659997881347,higher = Acceptable,0.4636521739130435,0.38655152780357016,0.8325051017031915
8.0,n_concavities,0.5928695652173913,0.5683130434782608,-0.024556521739130477,1,0.6820822648203666,higher = Not Acc.,0.3864347826086957,0.38443241394367167,0.8359520634783484
8.0,boundary_roughness,0.5928695652173913,0.6107130434782608,0.017843478260869516,9,0.16243077788738783,higher = Acceptable,0.5643478260869565,0.13706356708164102,0.5154053529119037
8.0,mean_intensity,0.5928695652173913,0.5299478260869566,-0.06292173913043475,0,0.5507116913382963,higher = Acceptable,0.5161739130434783,-0.015897834860084243,0.8325051017031915
8.0,intensity_sd,0.5928695652173913,0.5476869565217392,-0.04518260869565216,0,0.6956256133271892,higher = Acceptable,0.5151304347826087,0.33937401270058115,0.8359520634783484
8.0,translucent_frac,0.5928695652173913,0.5687304347826088,-0.024139130434782552,2,0.5609037246798154,higher = Not Acc.,0.576695652173913,0.24022707352754755,0.8325051017031915
8.0,dense_frac,0.5928695652173913,0.5154782608695652,-0.07739130434782615,0,0.585276313924668,higher = Not Acc.,0.4716521739130435,0.10389042823582384,0.8325051017031915
8.0,texture_sharpness,0.5928695652173913,0.5627130434782608,-0.030156521739130526,1,0.6463917900962213,higher = Not Acc.,0.48730434782608695,0.2894302929232544,0.8359520634783484
8.0,glcm_contrast,0.5928695652173913,0.5515826086956521,-0.04128695652173919,0,0.8991928181829442,higher = Not Acc.,0.5064347826086957,0.2735045077349993,0.9510693269242679
8.0,glcm_homogeneity,0.5928695652173913,0.5341217391304347,-0.05874782608695661,0,0.42418983390973375,higher = Not Acc.,0.519304347826087,0.023828296117987043,0.7761713280433146
8.0,rim_minus_core,0.5928695652173913,0.5788521739130434,-0.01401739130434787,0,0.1535808787030351,higher = Acceptable,0.5620869565217391,0.24618170767148276,0.5046930031212236
8.0,rim_sd,0.5928695652173913,0.5618434782608694,-0.03102608695652187,0,0.7118853741575975,higher = Acceptable,0.5892173913043477,-0.11082138887998148,0.8359520634783484
8.0,edge_sharpness,0.5928695652173913,0.5660521739130435,-0.026817391304347793,1,0.32996102068941535,higher = Not Acc.,0.48000000000000004,-0.21061957389846855,0.6909205785490354
10.0,circularity,0.5578434782608696,0.5364521739130435,-0.0213913043478261,2,0.24450302159035064,higher = Not Acc.,0.5147826086956522,-0.5938664997949981,0.6403650565461564
10.0,solidity,0.5578434782608696,0.5395826086956522,-0.01826086956521733,2,0.2644358320565988,higher = Not Acc.,0.504,-0.5647339423281416,0.6712601890667509
10.0,elongation,0.5578434782608696,0.513704347826087,-0.04413913043478257,0,0.9400292860914449,higher = Acceptable,0.43582608695652175,0.4806815823168557,0.9584305210117063
10.0,n_concavities,0.5578434782608696,0.5476521739130434,-0.010191304347826113,3,0.3138394889004853,higher = Acceptable,0.5219130434782608,0.522102500156446,0.6909205785490354
10.0,boundary_roughness,0.5578434782608696,0.5249739130434783,-0.03286956521739126,1,0.8220685042428215,higher = Not Acc.,0.5019130434782608,0.11793915417006869,0.8865444653599056
10.0,mean_intensity,0.5578434782608696,0.5278608695652174,-0.02998260869565217,1,0.15599601914656,higher = Acceptable,0.5450434782608695,0.34778845648870393,0.5046930031212236
10.0,intensity_sd,0.5578434782608696,0.6109565217391304,0.053113043478260846,10,0.028934305535750476,higher = Acceptable,0.5680000000000001,0.47581549314286165,0.28083296549404874
10.0,translucent_frac,0.5578434782608696,0.6741217391304348,0.11627826086956528,10,0.013410519368952373,higher = Acceptable,0.671304347826087,0.3556637161739969,0.1580525497055101
10.0,dense_frac,0.5578434782608696,0.49857391304347837,-0.059269565217391185,0,0.2759859274894839,higher = Not Acc.,0.46573913043478266,-0.2540804188141027,0.6796668363546992
10.0,texture_sharpness,0.5578434782608696,0.6096,0.05175652173913048,10,0.03838873237977837,higher = Acceptable,0.5850434782608697,0.43607614639255504,0.3269285271797545
10.0,glcm_contrast,0.5578434782608696,0.6194086956521738,0.06156521739130427,10,0.042927193467444946,higher = Acceptable,0.6013913043478261,0.44809393737196235,0.33026201615911366
10.0,glcm_homogeneity,0.5578434782608696,0.5380521739130435,-0.019791304347826055,1,0.13654025505084186,higher = Not Acc.,0.4532173913043478,-0.40382779075798614,0.49379234889187873
10.0,rim_minus_core,0.5578434782608696,0.5557217391304348,-0.0021217391304347855,5,0.1100416157973993,higher = Acceptable,0.5346086956521738,0.4355253410073884,0.45392166516427207
10.0,rim_sd,0.5578434782608696,0.49175652173913037,-0.06608695652173918,0,0.6834432991935364,higher = Acceptable,0.5085217391304349,0.12051460145460971,0.8359520634783484
10.0,edge_sharpness,0.5578434782608696,0.5015304347826086,-0.05631304347826094,1,0.6560512208761262,higher = Not Acc.,0.48556521739130437,-0.1376546690495517,0.8359520634783484
13.0,circularity,0.46351304347826083,0.48069565217391297,0.017182608695652135,6,0.5470182405474318,higher = Not Acc.,0.42226086956521736,-0.5966142924674319,0.8325051017031915
13.0,solidity,0.46351304347826083,0.47568695652173903,0.012173913043478202,7,0.5749707179858792,higher = Not Acc.,0.4097391304347826,-0.5517557122261482,0.8325051017031915
13.0,elongation,0.46351304347826083,0.4603130434782609,-0.003199999999999925,5,0.24094752937922376,higher = Not Acc.,0.4459130434782609,0.21957181987911464,0.6403650565461564
13.0,n_concavities,0.46351304347826083,0.3956869565217392,-0.06782608695652165,1,0.8102663264887082,higher = Not Acc.,0.5591304347826087,0.5088389352613806,0.8795654202015583
13.0,boundary_roughness,0.46351304347826083,0.5324173913043477,0.0689043478260869,10,0.09668869094265228,higher = Acceptable,0.5965217391304348,0.2180743032796506,0.4311792974469629
13.0,mean_intensity,0.46351304347826083,0.4104347826086957,-0.05307826086956513,1,0.40325777415221054,higher = Not Acc.,0.4803478260869565,0.04448526405874384,0.7761713280433146
13.0,intensity_sd,0.46351304347826083,0.44090434782608695,-0.022608695652173882,4,0.5144329457331356,higher = Not Acc.,0.4768695652173913,0.11851291674757913,0.8325051017031915
13.0,translucent_frac,0.46351304347826083,0.45530434782608686,-0.00820869565217397,6,0.31486301955752666,higher = Not Acc.,0.44417391304347825,0.09792184912210163,0.6909205785490354
13.0,dense_frac,0.46351304347826083,0.388695652173913,-0.07481739130434784,1,0.5972469642916088,higher = Acceptable,0.5005217391304347,-0.19219167737678902,0.8356872818970877
13.0,texture_sharpness,0.46351304347826083,0.38841739130434777,-0.07509565217391306,0,0.7331997469102978,higher = Not Acc.,0.512,0.06407130022243926,0.8401247100013829
13.0,glcm_contrast,0.46351304347826083,0.4079652173913043,-0.05554782608695652,0,0.7020970641500339,higher = Not Acc.,0.5158260869565218,0.11233384323410293,0.8359520634783484
13.0,glcm_homogeneity,0.46351304347826083,0.41046956521739136,-0.05304347826086947,1,0.9145152136877962,higher = Not Acc.,0.4493913043478261,0.02331372195344598,0.9546609432200379
13.0,rim_minus_core,0.46351304347826083,0.4745391304347826,0.011026086956521741,6,0.30479409505271243,higher = Not Acc.,0.4493913043478261,0.1619226484662064,0.6909205785490354
13.0,rim_sd,0.46351304347826083,0.4378782608695652,-0.025634782608695617,2,0.49120665672634356,higher = Not Acc.,0.46504347826086956,0.08994686317030086,0.8270316159168029
13.0,edge_sharpness,0.46351304347826083,0.43321739130434783,-0.030295652173913,3,0.569889891279872,higher = Not Acc.,0.4598260869565217,-0.13288589818317278,0.8325051017031915
15.0,circularity,0.5252,0.5523826086956521,0.027182608695652144,7,0.17852659814799365,higher = Not Acc.,0.3805217391304348,-0.667949930528769,0.5557903527248859
15.0,solidity,0.5252,0.5285217391304349,0.0033217391304348753,5,0.2816234764594366,higher = Not Acc.,0.4,-0.6003143561980515,0.6833510825853976
15.0,elongation,0.5252,0.5240347826086957,-0.001165217391304263,7,0.2142192242385086,higher = Not Acc.,0.49008695652173917,0.3988182863261431,0.6311816428456056
15.0,n_concavities,0.5252,0.5830782608695653,0.05787826086956527,10,0.06947733257252883,higher = Acceptable,0.6201739130434782,0.528321539238886,0.3724214681324634
15.0,boundary_roughness,0.5252,0.6430956521739131,0.11789565217391307,10,0.003006348556121386,higher = Acceptable,0.6932173913043479,0.1584165980639885,0.07086393025143267
15.0,mean_intensity,0.5252,0.5616000000000001,0.0364000000000001,8,0.09268277816618031,higher = Not Acc.,0.3947826086956522,0.09912148594921875,0.42479606659499314
15.0,intensity_sd,0.5252,0.5111652173913044,-0.014034782608695617,4,0.3308043982143866,higher = Not Acc.,0.4375652173913043,0.15822128050063136,0.6909205785490354
15.0,translucent_frac,0.5252,0.5485913043478261,0.023391304347826103,7,0.13307046612440496,higher = Not Acc.,0.39617391304347827,0.14479096009334563,0.49379234889187873
15.0,dense_frac,0.5252,0.5243478260869565,-0.0008521739130434858,5,0.6884985826496495,higher = Not Acc.,0.4337391304347825,-0.0907092061652844,0.8359520634783484
15.0,texture_sharpness,0.5252,0.4912347826086957,-0.033965217391304314,2,0.3081558402967219,higher = Not Acc.,0.4351304347826087,0.1346529031271543,0.6909205785490354
15.0,glcm_contrast,0.5252,0.47819130434782614,-0.04700869565217386,1,0.4200140232596712,higher = Not Acc.,0.4535652173913043,0.11111148245418655,0.7761713280433146
15.0,glcm_homogeneity,0.5252,0.5219826086956522,-0.0032173913043478386,4,0.23896128657817844,higher = Acceptable,0.5874782608695653,0.00742249025925763,0.6403650565461564
15.0,rim_minus_core,0.5252,0.46069565217391306,-0.06450434782608694,2,0.7090432191826648,higher = Not Acc.,0.46260869565217394,0.18283890658843965,0.8359520634783484
15.0,rim_sd,0.5252,0.4820869565217391,-0.04311304347826089,0,0.6843072985562983,higher = Not Acc.,0.4862608695652174,0.05966404649965474,0.8359520634783484
15.0,edge_sharpness,0.5252,0.5455652173913043,0.020365217391304258,8,0.13723743309560646,higher = Not Acc.,0.4076521739130435,-0.24727020045574907,0.49379234889187873
17.0,circularity,0.6995652173913044,0.7324173913043477,0.03285217391304329,9,0.004851689160935702,higher = Not Acc.,0.22991304347826086,-0.656371457112041,0.07519050596224047
17.0,solidity,0.6995652173913044,0.7293217391304347,0.029756521739130348,9,0.005578659507940382,higher = Not Acc.,0.24521739130434786,-0.5805673327430438,0.07519050596224047
17.0,elongation,0.6995652173913044,0.6727999999999998,-0.026765217391304552,2,0.9789880042656026,higher = Acceptable,0.5467826086956522,0.19440706056421642,0.985494870937055
17.0,n_concavities,0.6995652173913044,0.6864,-0.013165217391304385,5,0.0568101854974345,higher = Acceptable,0.6827826086956522,0.4968769586476948,0.33477430739559616
17.0,boundary_roughness,0.6995652173913044,0.6856695652173913,-0.013895652173913087,3,0.6823531413642181,higher = Acceptable,0.5488695652173914,0.028416820857853027,0.8359520634783484
17.0,mean_intensity,0.6995652173913044,0.696104347826087,-0.003460869565217406,4,0.776280504786788,higher = Acceptable,0.5380869565217391,0.04356882600620666,0.8756966535688876
17.0,intensity_sd,0.6995652173913044,0.6964173913043479,-0.0031478260869565178,5,0.634004197453952,higher = Acceptable,0.5599999999999999,0.2896097529340572,0.8359520634783484
17.0,translucent_frac,0.6995652173913044,0.7032,0.0036347826086956525,6,0.5656420117399555,higher = Acceptable,0.5394782608695652,0.22080018569228704,0.8325051017031915
17.0,dense_frac,0.6995652173913044,0.7019478260869565,0.0023826086956520998,6,0.40913394379137746,higher = Not Acc.,0.4260869565217391,-0.04275603882515265,0.7761713280433146
17.0,texture_sharpness,0.6995652173913044,0.6942260869565218,-0.005339130434782624,5,0.35348354456095565,higher = Acceptable,0.5787826086956522,0.08626837978099021,0.7112778640555816
17.0,glcm_contrast,0.6995652173913044,0.7023652173913043,0.0027999999999999137,7,0.3590270499235336,higher = Acceptable,0.5805217391304347,0.15146799356079554,0.7137284727395548
17.0,glcm_homogeneity,0.6995652173913044,0.6839304347826086,-0.015634782608695774,0,0.9795221747495577,higher = Not Acc.,0.4594782608695652,0.007436899812672552,0.985494870937055
17.0,rim_minus_core,0.6995652173913044,0.6893565217391304,-0.010208695652173971,3,0.6178299474361553,higher = Not Acc.,0.5172173913043477,0.26559410186127036,0.8359520634783484
17.0,rim_sd,0.6995652173913044,0.6760695652173913,-0.02349565217391314,4,0.5528479913746434,higher = Not Acc.,0.5429565217391304,0.22033131899477526,0.8325051017031915
17.0,edge_sharpness,0.6995652173913044,0.7164869565217391,0.01692173913043471,8,0.034156580623496316,higher = Not Acc.,0.3662608695652174,-0.10841405488631374,0.3131019890487162
20.5,circularity,0.7907826086956522,0.7779478260869566,-0.012834782608695638,0,0.23361286690722713,higher = Not Acc.,0.2431304347826087,-0.6659103763707239,0.6403650565461564
20.5,solidity,0.7907826086956522,0.7831304347826087,-0.007652173913043514,3,0.313450527322294,higher = Not Acc.,0.2598260869565217,-0.5722284321139595,0.6909205785490354
20.5,elongation,0.7907826086956522,0.7669217391304348,-0.02386086956521738,0,0.52998917739635,higher = Acceptable,0.6344347826086957,0.21486650242062463,0.8325051017031915
20.5,n_concavities,0.7907826086956522,0.7812869565217391,-0.009495652173913127,2,0.10505282808812151,higher = Acceptable,0.7794782608695652,0.490714441315018,0.4444542726805141
20.5,boundary_roughness,0.7907826086956522,0.7873739130434783,-0.003408695652173943,4,0.3033014716995235,higher = Acceptable,0.5495652173913044,0.08513921968870307,0.6909205785490354
20.5,mean_intensity,0.7907826086956522,0.7799652173913044,-0.010817391304347779,2,0.7898630325421877,higher = Acceptable,0.455304347826087,-0.21070649587706558,0.8756966535688876
20.5,intensity_sd,0.7907826086956522,0.784104347826087,-0.0066782608695652446,0,0.9284201917258206,higher = Not Acc.,0.46643478260869564,-0.03054692714573458,0.9574333227172525
20.5,translucent_frac,0.7907826086956522,0.7880347826086955,-0.002747826086956673,5,0.576668072078447,higher = Acceptable,0.4657391304347826,-0.0915715079434627,0.8325051017031915
20.5,dense_frac,0.7907826086956522,0.772,-0.01878260869565218,0,0.428070247587525,higher = Not Acc.,0.464,0.10357489519588607,0.7761713280433146
20.5,texture_sharpness,0.7907826086956522,0.7821913043478261,-0.008591304347826068,1,0.8305058584055853,higher = Not Acc.,0.4031304347826087,-0.23873315936820053,0.8898277054345557
20.5,glcm_contrast,0.7907826086956522,0.7812869565217391,-0.009495652173913127,1,0.5667712770959173,higher = Not Acc.,0.3860869565217391,-0.21623972924771534,0.8325051017031915
20.5,glcm_homogeneity,0.7907826086956522,0.7717565217391305,-0.01902608695652175,0,0.5782782094626715,higher = Acceptable,0.6184347826086957,0.255126746852997,0.8325051017031915
20.5,rim_minus_core,0.7907826086956522,0.7748173913043479,-0.0159652173913043,0,0.45716211908996796,higher = Not Acc.,0.4699130434782608,0.1380396205646693,0.7940184173667864
20.5,rim_sd,0.7907826086956522,0.7701565217391304,-0.020626086956521794,0,0.38444831990889716,higher = Not Acc.,0.47513043478260863,0.12091121928165398,0.7551663426781909
20.5,edge_sharpness,0.7907826086956522,0.7734956521739129,-0.017286956521739283,0,0.4812861733465995,higher = Acceptable,0.49321739130434783,-0.19515790536845354,0.8186826660019476
24.0,circularity,0.8157217391304348,0.8007304347826087,-0.014991304347826029,0,0.07751269260255125,higher = Not Acc.,0.24591304347826085,-0.5156903576275984,0.38756346301275624
24.0,solidity,0.8157217391304348,0.8198608695652174,0.004139130434782645,8,0.04738979176798896,higher = Not Acc.,0.2573913043478261,-0.3872506956534672,0.33477430739559616
24.0,elongation,0.8157217391304348,0.7831652173913044,-0.03255652173913037,0,0.5618640032160407,higher = Acceptable,0.6389565217391304,0.1350817046619925,0.8325051017031915
24.0,n_concavities,0.8157217391304348,0.8134608695652175,-0.002260869565217316,3,0.23857051351303943,higher = Acceptable,0.7012173913043479,0.32446414615196056,0.6403650565461564
24.0,boundary_roughness,0.8157217391304348,0.8130086956521738,-0.002713043478260957,3,0.14871869352993808,higher = Not Acc.,0.41773913043478256,0.08431644678828856,0.5046930031212236
24.0,mean_intensity,0.8157217391304348,0.8063304347826087,-0.00939130434782609,2,0.1363001070033758,higher = Acceptable,0.4692173913043478,-0.36414813058797085,0.49379234889187873
24.0,intensity_sd,0.8157217391304348,0.8157913043478262,6.956521739143184e-05,4,0.3019822666341227,higher = Acceptable,0.4970434782608696,-0.15369497707474059,0.6909205785490354
24.0,translucent_frac,0.8157217391304348,0.8183652173913044,0.002643478260869636,7,0.2579516905968166,higher = Acceptable,0.5353043478260869,-0.12815603920789054,0.6650317023199178
24.0,dense_frac,0.8157217391304348,0.8036521739130436,-0.01206956521739122,1,0.09104206700625163,higher = Not Acc.,0.48382608695652174,0.33006352972784847,0.42479606659499314
24.0,texture_sharpness,0.8157217391304348,0.8126260869565218,-0.003095652173912944,1,0.5976430258415537,higher = Acceptable,0.41426086956521735,-0.3291961757426781,0.8356872818970877
24.0,glcm_contrast,0.8157217391304348,0.8107826086956523,-0.004939130434782446,3,0.21920561919505563,higher = Acceptable,0.43826086956521737,-0.32041866673274877,0.6345425818804242
24.0,glcm_homogeneity,0.8157217391304348,0.8053217391304347,-0.010400000000000076,1,0.19985046116384195,higher = Not Acc.,0.5707826086956522,0.4090211380776816,0.5995513834915259
24.0,rim_minus_core,0.8157217391304348,0.8005913043478261,-0.01513043478260867,0,0.86762828028932,higher = Acceptable,0.45739130434782604,-0.05352890221710158,0.9236042983725019
24.0,rim_sd,0.8157217391304348,0.8040695652173913,-0.011652173913043518,0,0.5294429045962981,higher = Acceptable,0.544695652173913,0.07169679466996115,0.8325051017031915
24.0,edge_sharpness,0.8157217391304348,0.8056695652173914,-0.01005217391304336,2,0.8091702855285232,higher = Acceptable,0.49843478260869567,-0.0707905293894146,0.8795654202015583
28.0,circularity,0.8068173913043479,0.8120695652173913,0.005252173913043334,8,0.05596182558700511,higher = Acceptable,0.42469565217391303,-0.40845640536808114,0.33477430739559616
28.0,solidity,0.8068173913043479,0.8001043478260869,-0.0067130434782610715,3,0.14065600241162607,higher = Acceptable,0.4587826086956521,-0.30030866867589673,0.49379234889187873
28.0,elongation,0.8068173913043479,0.8029217391304349,-0.003895652173913078,4,0.715430176627179,higher = Not Acc.,0.5419130434782609,0.07285181822570548,0.8359520634783484
28.0,n_concavities,0.8068173913043479,0.8008,-0.006017391304347974,1,0.7168442815129137,higher = Not Acc.,0.5304347826086957,0.16034559827671216,0.8359520634783484
28.0,boundary_roughness,0.8068173913043479,0.8190260869565217,0.012208695652173751,9,0.005573506962105058,higher = Not Acc.,0.32591304347826083,-0.14813163982358368,0.07519050596224047
28.0,mean_intensity,0.8068173913043479,0.7850086956521739,-0.021808695652174026,0,0.10403698261710782,higher = Not Acc.,0.26017391304347826,-0.4385736916946898,0.4444542726805141
28.0,intensity_sd,0.8068173913043479,0.8106434782608696,0.003826086956521646,4,0.004770778607874454,higher = Not Acc.,0.3638260869565217,-0.05156999923035281,0.07519050596224047
28.0,translucent_frac,0.8068173913043479,0.8235130434782608,0.01669565217391289,9,0.0040069842174787025,higher = Not Acc.,0.3770434782608696,-0.020525727090723256,0.07519050596224047
28.0,dense_frac,0.8068173913043479,0.7940521739130435,-0.012765217391304429,1,0.4507966267263649,higher = Acceptable,0.7001739130434783,0.47220468207930216,0.7912919511686192
28.0,texture_sharpness,0.8068173913043479,0.8000695652173914,-0.006747826086956565,3,0.050958265456765545,higher = Not Acc.,0.2511304347826087,-0.37911472122855705,0.33477430739559616
28.0,glcm_contrast,0.8068173913043479,0.8075130434782609,0.0006956521739129862,5,0.0183184426727912,higher = Not Acc.,0.2685217391304348,-0.3038286309064831,0.19124998721322983
28.0,glcm_homogeneity,0.8068173913043479,0.7773913043478261,-0.029426086956521824,0,0.08819204525923735,higher = Acceptable,0.752695652173913,0.515165516573838,0.42479606659499314
28.0,rim_minus_core,0.8068173913043479,0.8033391304347826,-0.003478260869565375,5,0.18661512295212251,higher = Not Acc.,0.4323478260869565,-0.009992316442208979,0.570212875687041
28.0,rim_sd,0.8068173913043479,0.8021565217391304,-0.004660869565217496,5,0.054460689037464885,higher = Not Acc.,0.41704347826086957,0.046352026298055835,0.33477430739559616
28.0,edge_sharpness,0.8068173913043479,0.8018434782608697,-0.004973913043478273,2,0.7982997275601105,higher = Not Acc.,0.4368695652173913,-0.11716687681906952,0.8781297003161216
30.0,circularity,0.8197565217391304,0.8262260869565218,0.006469565217391393,9,0.4109832405747973,higher = Acceptable,0.3958260869565217,-0.3144068058183255,0.7761713280433146
30.0,solidity,0.8197565217391304,0.8168695652173913,-0.0028869565217390925,4,0.7836989377047561,higher = Acceptable,0.39860869565217394,-0.21594715814132612,0.8756966535688876
30.0,elongation,0.8197565217391304,0.8160347826086956,-0.0037217391304348313,3,0.477372254645528,higher = Not Acc.,0.5906086956521739,0.15719307007735853,0.8186826660019476
30.0,n_concavities,0.8197565217391304,0.8175652173913045,-0.0021913043478258842,5,0.7907806144349349,higher = Not Acc.,0.5801739130434783,0.1808293407118214,0.8756966535688876
30.0,boundary_roughness,0.8197565217391304,0.8143652173913043,-0.005391304347826087,0,0.9968173604485799,higher = Not Acc.,0.37147826086956526,-0.1676563666656337,0.9968173604485799
30.0,mean_intensity,0.8197565217391304,0.8403826086956523,0.020626086956521905,9,0.0001878545527305361,higher = Not Acc.,0.21565217391304348,-0.3651961444458177,0.008936189918015069
30.0,intensity_sd,0.8197565217391304,0.8420869565217393,0.022330434782608877,9,4.070536724777809e-05,higher = Not Acc.,0.335304347826087,-0.028366440335505276,0.0033581927979416926
30.0,translucent_frac,0.8197565217391304,0.8574260869565217,0.03766956521739129,9,3.1080306818076243e-06,higher = Not Acc.,0.34330434782608693,0.009597662205899074,0.000512825062498258
30.0,dense_frac,0.8197565217391304,0.8171130434782607,-0.002643478260869636,4,0.03962770026421267,higher = Acceptable,0.7819130434782608,0.5383375040013108,0.3269285271797545
30.0,texture_sharpness,0.8197565217391304,0.8263304347826086,0.006573913043478208,7,0.0016659297597424615,higher = Not Acc.,0.24452173913043476,-0.3790240769799046,0.054975682071501226
30.0,glcm_contrast,0.8197565217391304,0.8321739130434782,0.012417391304347825,9,0.0002166349071033956,higher = Not Acc.,0.2306086956521739,-0.31374363751223744,0.008936189918015069
30.0,glcm_homogeneity,0.8197565217391304,0.8310608695652174,0.011304347826087024,7,0.002245142660919638,higher = Acceptable,0.8180869565217391,0.5406828218650076,0.06174142317529004
30.0,rim_minus_core,0.8197565217391304,0.8045565217391305,-0.01519999999999988,0,0.2756509734362119,higher = Acceptable,0.4963478260869565,-0.07225366893289058,0.6796668363546992
30.0,rim_sd,0.8197565217391304,0.8098434782608696,-0.00991304347826083,1,0.13919043505012693,higher = Not Acc.,0.4695652173913044,0.12363948504709116,0.49379234889187873
30.0,edge_sharpness,0.8197565217391304,0.8152347826086958,-0.004521739130434632,1,0.724491788347902,higher = Acceptable,0.5836521739130436,0.13522111932469313,0.8359520634783484
