day,caliper,repeat,model,matched_auc,n_pairs,n_not_matched,mean_logratio
3.0,0.1,1,size,0.5672205438066465,1324,23,-0.013160501599015384
3.0,0.1,1,std,0.44486404833836857,1324,23,-0.013160501599015384
3.0,0.1,1,strong,0.48225075528700906,1324,23,-0.013160501599015384
3.0,0.1,1,bbox,0.5944108761329305,1324,23,-0.013160501599015384
3.0,0.1,2,size,0.5793051359516617,1324,23,-0.013160501599015384
3.0,0.1,2,std,0.4645015105740181,1324,23,-0.013160501599015384
3.0,0.1,2,strong,0.5762839879154078,1324,23,-0.013160501599015384
3.0,0.1,2,bbox,0.6148036253776435,1324,23,-0.013160501599015384
3.0,0.1,3,size,0.5861027190332326,1324,23,-0.013160501599015384
3.0,0.1,3,std,0.5430513595166163,1324,23,-0.013160501599015384
3.0,0.1,3,strong,0.5460725075528701,1324,23,-0.013160501599015384
3.0,0.1,3,bbox,0.6503021148036254,1324,23,-0.013160501599015384
3.0,0.1,4,size,0.5577794561933535,1324,23,-0.013160501599015384
3.0,0.1,4,std,0.4690332326283988,1324,23,-0.013160501599015384
3.0,0.1,4,strong,0.46148036253776437,1324,23,-0.013160501599015384
3.0,0.1,4,bbox,0.5929003021148036,1324,23,-0.013160501599015384
3.0,0.1,5,size,0.5660876132930514,1324,23,-0.013160501599015384
3.0,0.1,5,std,0.4652567975830816,1324,23,-0.013160501599015384
3.0,0.1,5,strong,0.547583081570997,1324,23,-0.013160501599015384
3.0,0.1,5,bbox,0.6170694864048338,1324,23,-0.013160501599015384
3.0,0.1,6,size,0.5853474320241692,1324,23,-0.013160501599015384
3.0,0.1,6,std,0.5400302114803626,1324,23,-0.013160501599015384
3.0,0.1,6,strong,0.574773413897281,1324,23,-0.013160501599015384
3.0,0.1,6,bbox,0.5022658610271903,1324,23,-0.013160501599015384
3.0,0.1,7,size,0.5974320241691843,1324,23,-0.013160501599015384
3.0,0.1,7,std,0.4690332326283988,1324,23,-0.013160501599015384
3.0,0.1,7,strong,0.554380664652568,1324,23,-0.013160501599015384
3.0,0.1,7,bbox,0.5981873111782477,1324,23,-0.013160501599015384
3.0,0.1,8,size,0.5838368580060423,1324,23,-0.013160501599015384
3.0,0.1,8,std,0.4471299093655589,1324,23,-0.013160501599015384
3.0,0.1,8,strong,0.44561933534743203,1324,23,-0.013160501599015384
3.0,0.1,8,bbox,0.6389728096676737,1324,23,-0.013160501599015384
3.0,0.1,9,size,0.5626888217522659,1324,23,-0.013160501599015384
3.0,0.1,9,std,0.38972809667673713,1324,23,-0.013160501599015384
3.0,0.1,9,strong,0.45996978851963743,1324,23,-0.013160501599015384
3.0,0.1,9,bbox,0.6163141993957704,1324,23,-0.013160501599015384
3.0,0.1,10,size,0.552870090634441,1324,23,-0.013160501599015384
3.0,0.1,10,std,0.4350453172205438,1324,23,-0.013160501599015384
3.0,0.1,10,strong,0.5173716012084593,1324,23,-0.013160501599015384
3.0,0.1,10,bbox,0.4297583081570997,1324,23,-0.013160501599015384
3.0,0.05,1,size,0.4819759679572764,749,23,-0.002968584486523497
3.0,0.05,1,std,0.4165554072096128,749,23,-0.002968584486523497
3.0,0.05,1,strong,0.5093457943925234,749,23,-0.002968584486523497
3.0,0.05,1,bbox,0.5447263017356475,749,23,-0.002968584486523497
3.0,0.05,2,size,0.5033377837116155,749,23,-0.002968584486523497
3.0,0.05,2,std,0.4766355140186916,749,23,-0.002968584486523497
3.0,0.05,2,strong,0.5514018691588785,749,23,-0.002968584486523497
3.0,0.05,2,bbox,0.6101468624833111,749,23,-0.002968584486523497
3.0,0.05,3,size,0.5153538050734312,749,23,-0.002968584486523497
3.0,0.05,3,std,0.5527369826435247,749,23,-0.002968584486523497
3.0,0.05,3,strong,0.5834445927903872,749,23,-0.002968584486523497
3.0,0.05,3,bbox,0.6154873164218959,749,23,-0.002968584486523497
3.0,0.05,4,size,0.4652870493991989,749,23,-0.002968584486523497
3.0,0.05,4,std,0.43391188251001334,749,23,-0.002968584486523497
3.0,0.05,4,strong,0.4325767690253672,749,23,-0.002968584486523497
3.0,0.05,4,bbox,0.562082777036048,749,23,-0.002968584486523497
3.0,0.05,5,size,0.47997329773030706,749,23,-0.002968584486523497
3.0,0.05,5,std,0.4712950600801068,749,23,-0.002968584486523497
3.0,0.05,5,strong,0.5967957276368492,749,23,-0.002968584486523497
3.0,0.05,5,bbox,0.595460614152203,749,23,-0.002968584486523497
3.0,0.05,6,size,0.514018691588785,749,23,-0.002968584486523497
3.0,0.05,6,std,0.5260347129506008,749,23,-0.002968584486523497
3.0,0.05,6,strong,0.562082777036048,749,23,-0.002968584486523497
3.0,0.05,6,bbox,0.4499332443257677,749,23,-0.002968584486523497
3.0,0.05,7,size,0.5353805073431241,749,23,-0.002968584486523497
3.0,0.05,7,std,0.4739652870493992,749,23,-0.002968584486523497
3.0,0.05,7,strong,0.5727636849132176,749,23,-0.002968584486523497
3.0,0.05,7,bbox,0.5313751668891856,749,23,-0.002968584486523497
3.0,0.05,8,size,0.5113484646194927,749,23,-0.002968584486523497
3.0,0.05,8,std,0.4192256341789052,749,23,-0.002968584486523497
3.0,0.05,8,strong,0.45260347129506007,749,23,-0.002968584486523497
3.0,0.05,8,bbox,0.6141522029372497,749,23,-0.002968584486523497
3.0,0.05,9,size,0.4739652870493992,749,23,-0.002968584486523497
3.0,0.05,9,std,0.38317757009345793,749,23,-0.002968584486523497
3.0,0.05,9,strong,0.45794392523364486,749,23,-0.002968584486523497
3.0,0.05,9,bbox,0.57543391188251,749,23,-0.002968584486523497
3.0,0.05,10,size,0.45927903871829107,749,23,-0.002968584486523497
3.0,0.05,10,std,0.43391188251001334,749,23,-0.002968584486523497
3.0,0.05,10,strong,0.5233644859813084,749,23,-0.002968584486523497
3.0,0.05,10,bbox,0.3885180240320427,749,23,-0.002968584486523497
6.0,0.1,1,size,0.5254928619986404,1471,23,-0.006824121334153708
6.0,0.1,1,traj,0.5948334466349422,1471,23,-0.006824121334153708
6.0,0.1,1,std,0.513256288239293,1471,23,-0.006824121334153708
6.0,0.1,1,strong,0.504418762746431,1471,23,-0.006824121334153708
6.0,0.1,1,bbox,0.6206662134602311,1471,23,-0.006824121334153708
6.0,0.1,2,size,0.5431679129843644,1471,23,-0.006824121334153708
6.0,0.1,2,traj,0.6274643099932019,1471,23,-0.006824121334153708
6.0,0.1,2,std,0.5003399048266486,1471,23,-0.006824121334153708
6.0,0.1,2,strong,0.5431679129843644,1471,23,-0.006824121334153708
6.0,0.1,2,bbox,0.6335825968728755,1471,23,-0.006824121334153708
6.0,0.1,3,size,0.539768864717879,1471,23,-0.006824121334153708
6.0,0.1,3,traj,0.6186267845003399,1471,23,-0.006824121334153708
6.0,0.1,3,std,0.43847722637661457,1471,23,-0.006824121334153708
6.0,0.1,3,strong,0.5418082936777702,1471,23,-0.006824121334153708
6.0,0.1,3,bbox,0.5764785859959212,1471,23,-0.006824121334153708
6.0,0.1,4,size,0.5180149558123726,1471,23,-0.006824121334153708
6.0,0.1,4,traj,0.6050305914343984,1471,23,-0.006824121334153708
6.0,0.1,4,std,0.4697484704282801,1471,23,-0.006824121334153708
6.0,0.1,4,strong,0.5003399048266486,1471,23,-0.006824121334153708
6.0,0.1,4,bbox,0.6043507817811012,1471,23,-0.006824121334153708
6.0,0.1,5,size,0.518354860639021,1471,23,-0.006824121334153708
6.0,0.1,5,traj,0.5819170632222977,1471,23,-0.006824121334153708
6.0,0.1,5,std,0.4921821889870836,1471,23,-0.006824121334153708
6.0,0.1,5,strong,0.5363698164513936,1471,23,-0.006824121334153708
6.0,0.1,5,bbox,0.6301835486063903,1471,23,-0.006824121334153708
6.0,0.1,6,size,0.5516655336505778,1471,23,-0.006824121334153708
6.0,0.1,6,traj,0.619306594153637,1471,23,-0.006824121334153708
6.0,0.1,6,std,0.4969408565601632,1471,23,-0.006824121334153708
6.0,0.1,6,strong,0.5356900067980965,1471,23,-0.006824121334153708
6.0,0.1,6,bbox,0.6070700203942896,1471,23,-0.006824121334153708
6.0,0.1,7,size,0.5305914343983684,1471,23,-0.006824121334153708
6.0,0.1,7,traj,0.619986403806934,1471,23,-0.006824121334153708
6.0,0.1,7,std,0.5424881033310673,1471,23,-0.006824121334153708
6.0,0.1,7,strong,0.5567641060503059,1471,23,-0.006824121334153708
6.0,0.1,7,bbox,0.6301835486063903,1471,23,-0.006824121334153708
6.0,0.1,8,size,0.5370496261046906,1471,23,-0.006824121334153708
6.0,0.1,8,traj,0.6097892590074779,1471,23,-0.006824121334153708
6.0,0.1,8,std,0.539768864717879,1471,23,-0.006824121334153708
6.0,0.1,8,strong,0.4452753229095853,1471,23,-0.006824121334153708
6.0,0.1,8,bbox,0.5859959211420802,1471,23,-0.006824121334153708
6.0,0.1,9,size,0.5421481985044188,1471,23,-0.006824121334153708
6.0,0.1,9,traj,0.600951733514616,1471,23,-0.006824121334153708
6.0,0.1,9,std,0.5186947654656696,1471,23,-0.006824121334153708
6.0,0.1,9,strong,0.45275322909585314,1471,23,-0.006824121334153708
6.0,0.1,9,bbox,0.6023113528212101,1471,23,-0.006824121334153708
6.0,0.1,10,size,0.53025152957172,1471,23,-0.006824121334153708
6.0,0.1,10,traj,0.6138681169272604,1471,23,-0.006824121334153708
6.0,0.1,10,std,0.504418762746431,1471,23,-0.006824121334153708
6.0,0.1,10,strong,0.5030591434398368,1471,23,-0.006824121334153708
6.0,0.1,10,bbox,0.663494221617947,1471,23,-0.006824121334153708
6.0,0.05,1,size,0.47841306884480744,857,22,-0.001076659536711886
6.0,0.05,1,traj,0.5670945157526255,857,22,-0.001076659536711886
6.0,0.05,1,std,0.5344224037339557,857,22,-0.001076659536711886
6.0,0.05,1,strong,0.4749124854142357,857,22,-0.001076659536711886
6.0,0.05,1,bbox,0.603267211201867,857,22,-0.001076659536711886
6.0,0.05,2,size,0.5052508751458576,857,22,-0.001076659536711886
6.0,0.05,2,traj,0.5997666277712952,857,22,-0.001076659536711886
6.0,0.05,2,std,0.5064177362893816,857,22,-0.001076659536711886
6.0,0.05,2,strong,0.5262543757292882,857,22,-0.001076659536711886
6.0,0.05,2,bbox,0.5985997666277713,857,22,-0.001076659536711886
6.0,0.05,3,size,0.49941656942823803,857,22,-0.001076659536711886
6.0,0.05,3,traj,0.5962660443407235,857,22,-0.001076659536711886
6.0,0.05,3,std,0.4469078179696616,857,22,-0.001076659536711886
6.0,0.05,3,strong,0.5519253208868145,857,22,-0.001076659536711886
6.0,0.05,3,bbox,0.5694282380396732,857,22,-0.001076659536711886
6.0,0.05,4,size,0.4620770128354726,857,22,-0.001076659536711886
6.0,0.05,4,traj,0.5682613768961493,857,22,-0.001076659536711886
6.0,0.05,4,std,0.456242707117853,857,22,-0.001076659536711886
6.0,0.05,4,strong,0.5052508751458576,857,22,-0.001076659536711886
6.0,0.05,4,bbox,0.5787631271878646,857,22,-0.001076659536711886
6.0,0.05,5,size,0.46382730455075843,857,22,-0.001076659536711886
6.0,0.05,5,traj,0.5519253208868145,857,22,-0.001076659536711886
6.0,0.05,5,std,0.48191365227537925,857,22,-0.001076659536711886
6.0,0.05,5,strong,0.5274212368728122,857,22,-0.001076659536711886
6.0,0.05,5,bbox,0.6231038506417736,857,22,-0.001076659536711886
6.0,0.05,6,size,0.5198366394399067,857,22,-0.001076659536711886
6.0,0.05,6,traj,0.5974329054842473,857,22,-0.001076659536711886
6.0,0.05,6,std,0.49241540256709454,857,22,-0.001076659536711886
6.0,0.05,6,strong,0.5530921820303384,857,22,-0.001076659536711886
6.0,0.05,6,bbox,0.5624270711785297,857,22,-0.001076659536711886
6.0,0.05,7,size,0.4836639439906651,857,22,-0.001076659536711886
6.0,0.05,7,traj,0.5962660443407235,857,22,-0.001076659536711886
6.0,0.05,7,std,0.5099183197199533,857,22,-0.001076659536711886
6.0,0.05,7,strong,0.5530921820303384,857,22,-0.001076659536711886
6.0,0.05,7,bbox,0.6114352392065344,857,22,-0.001076659536711886
6.0,0.05,8,size,0.4959159859976663,857,22,-0.001076659536711886
6.0,0.05,8,traj,0.6021003500583431,857,22,-0.001076659536711886
6.0,0.05,8,std,0.514585764294049,857,22,-0.001076659536711886
6.0,0.05,8,strong,0.44340723453908987,857,22,-0.001076659536711886
6.0,0.05,8,bbox,0.5635939323220537,857,22,-0.001076659536711886
6.0,0.05,9,size,0.5046674445740957,857,22,-0.001076659536711886
6.0,0.05,9,traj,0.572928821470245,857,22,-0.001076659536711886
6.0,0.05,9,std,0.4970828471411902,857,22,-0.001076659536711886
6.0,0.05,9,strong,0.47841306884480744,857,22,-0.001076659536711886
6.0,0.05,9,bbox,0.5857642940490082,857,22,-0.001076659536711886
6.0,0.05,10,size,0.48774795799299886,857,22,-0.001076659536711886
6.0,0.05,10,traj,0.5915985997666278,857,22,-0.001076659536711886
6.0,0.05,10,std,0.5239206534422404,857,22,-0.001076659536711886
6.0,0.05,10,strong,0.5192532088681447,857,22,-0.001076659536711886
6.0,0.05,10,bbox,0.6487747957992999,857,22,-0.001076659536711886
8.0,0.1,1,size,0.5771692745376956,1406,24,-0.011811936827003227
8.0,0.1,1,traj,0.5839260312944523,1406,24,-0.011811936827003227
8.0,0.1,1,std,0.5284495021337127,1406,24,-0.011811936827003227
8.0,0.1,1,strong,0.4900426742532006,1406,24,-0.011811936827003227
8.0,0.1,1,bbox,0.5298719772403983,1406,24,-0.011811936827003227
8.0,0.1,2,size,0.5860597439544808,1406,24,-0.011811936827003227
8.0,0.1,2,traj,0.6187766714082503,1406,24,-0.011811936827003227
8.0,0.1,2,std,0.4900426742532006,1406,24,-0.011811936827003227
8.0,0.1,2,strong,0.5014224751066856,1406,24,-0.011811936827003227
8.0,0.1,2,bbox,0.4850640113798009,1406,24,-0.011811936827003227
8.0,0.1,3,size,0.5611664295874822,1406,24,-0.011811936827003227
8.0,0.1,3,traj,0.55049786628734,1406,24,-0.011811936827003227
8.0,0.1,3,std,0.5953058321479374,1406,24,-0.011811936827003227
8.0,0.1,3,strong,0.5327169274537695,1406,24,-0.011811936827003227
8.0,0.1,3,bbox,0.4174964438122333,1406,24,-0.011811936827003227
8.0,0.1,4,size,0.5547652916073968,1406,24,-0.011811936827003227
8.0,0.1,4,traj,0.5568990042674253,1406,24,-0.011811936827003227
8.0,0.1,4,std,0.5412517780938834,1406,24,-0.011811936827003227
8.0,0.1,4,strong,0.492176386913229,1406,24,-0.011811936827003227
8.0,0.1,4,bbox,0.4544807965860597,1406,24,-0.011811936827003227
8.0,0.1,5,size,0.5682788051209103,1406,24,-0.011811936827003227
8.0,0.1,5,traj,0.5803698435277382,1406,24,-0.011811936827003227
8.0,0.1,5,std,0.5512091038406828,1406,24,-0.011811936827003227
8.0,0.1,5,strong,0.5476529160739687,1406,24,-0.011811936827003227
8.0,0.1,5,bbox,0.5633001422475107,1406,24,-0.011811936827003227
8.0,0.1,6,size,0.5640113798008535,1406,24,-0.011811936827003227
8.0,0.1,6,traj,0.5533428165007113,1406,24,-0.011811936827003227
8.0,0.1,6,std,0.4772403982930299,1406,24,-0.011811936827003227
8.0,0.1,6,strong,0.5099573257467994,1406,24,-0.011811936827003227
8.0,0.1,6,bbox,0.47155049786628733,1406,24,-0.011811936827003227
8.0,0.1,7,size,0.5814366998577525,1406,24,-0.011811936827003227
8.0,0.1,7,traj,0.6130867709815079,1406,24,-0.011811936827003227
8.0,0.1,7,std,0.5142247510668563,1406,24,-0.011811936827003227
8.0,0.1,7,strong,0.5014224751066856,1406,24,-0.011811936827003227
8.0,0.1,7,bbox,0.42532005689900426,1406,24,-0.011811936827003227
8.0,0.1,8,size,0.5817923186344239,1406,24,-0.011811936827003227
8.0,0.1,8,traj,0.5725462304409673,1406,24,-0.011811936827003227
8.0,0.1,8,std,0.55049786628734,1406,24,-0.011811936827003227
8.0,0.1,8,strong,0.5099573257467994,1406,24,-0.011811936827003227
8.0,0.1,8,bbox,0.5711237553342816,1406,24,-0.011811936827003227
8.0,0.1,9,size,0.5828591749644382,1406,24,-0.011811936827003227
8.0,0.1,9,traj,0.5248933143669986,1406,24,-0.011811936827003227
8.0,0.1,9,std,0.561877667140825,1406,24,-0.011811936827003227
8.0,0.1,9,strong,0.484352773826458,1406,24,-0.011811936827003227
8.0,0.1,9,bbox,0.5334281650071123,1406,24,-0.011811936827003227
8.0,0.1,10,size,0.5928165007112376,1406,24,-0.011811936827003227
8.0,0.1,10,traj,0.5889046941678521,1406,24,-0.011811936827003227
8.0,0.1,10,std,0.49857752489331436,1406,24,-0.011811936827003227
8.0,0.1,10,strong,0.5142247510668563,1406,24,-0.011811936827003227
8.0,0.1,10,bbox,0.46372688477951635,1406,24,-0.011811936827003227
8.0,0.05,1,size,0.5159846547314578,782,24,-0.0025392405490815718
8.0,0.05,1,traj,0.5396419437340153,782,24,-0.0025392405490815718
8.0,0.05,1,std,0.5166240409207161,782,24,-0.0025392405490815718
8.0,0.05,1,strong,0.4629156010230179,782,24,-0.0025392405490815718
8.0,0.05,1,bbox,0.520460358056266,782,24,-0.0025392405490815718
8.0,0.05,2,size,0.5294117647058824,782,24,-0.0025392405490815718
8.0,0.05,2,traj,0.5818414322250639,782,24,-0.0025392405490815718
8.0,0.05,2,std,0.5063938618925832,782,24,-0.0025392405490815718
8.0,0.05,2,strong,0.5281329923273658,782,24,-0.0025392405490815718
8.0,0.05,2,bbox,0.4961636828644501,782,24,-0.0025392405490815718
8.0,0.05,3,size,0.4859335038363171,782,24,-0.0025392405490815718
8.0,0.05,3,traj,0.48721227621483376,782,24,-0.0025392405490815718
8.0,0.05,3,std,0.5959079283887468,782,24,-0.0025392405490815718
8.0,0.05,3,strong,0.5358056265984654,782,24,-0.0025392405490815718
8.0,0.05,3,bbox,0.3976982097186701,782,24,-0.0025392405490815718
8.0,0.05,4,size,0.48081841432225064,782,24,-0.0025392405490815718
8.0,0.05,4,traj,0.5127877237851662,782,24,-0.0025392405490815718
8.0,0.05,4,std,0.551150895140665,782,24,-0.0025392405490815718
8.0,0.05,4,strong,0.5191815856777494,782,24,-0.0025392405490815718
8.0,0.05,4,bbox,0.45652173913043476,782,24,-0.0025392405490815718
8.0,0.05,5,size,0.49872122762148335,782,24,-0.0025392405490815718
8.0,0.05,5,traj,0.540920716112532,782,24,-0.0025392405490815718
8.0,0.05,5,std,0.540920716112532,782,24,-0.0025392405490815718
8.0,0.05,5,strong,0.5575447570332481,782,24,-0.0025392405490815718
8.0,0.05,5,bbox,0.5345268542199488,782,24,-0.0025392405490815718
8.0,0.05,6,size,0.49232736572890023,782,24,-0.0025392405490815718
8.0,0.05,6,traj,0.520460358056266,782,24,-0.0025392405490815718
8.0,0.05,6,std,0.4424552429667519,782,24,-0.0025392405490815718
8.0,0.05,6,strong,0.4948849104859335,782,24,-0.0025392405490815718
8.0,0.05,6,bbox,0.46675191815856776,782,24,-0.0025392405490815718
8.0,0.05,7,size,0.5210997442455243,782,24,-0.0025392405490815718
8.0,0.05,7,traj,0.571611253196931,782,24,-0.0025392405490815718
8.0,0.05,7,std,0.4846547314578005,782,24,-0.0025392405490815718
8.0,0.05,7,strong,0.5191815856777494,782,24,-0.0025392405490815718
8.0,0.05,7,bbox,0.45524296675191817,782,24,-0.0025392405490815718
8.0,0.05,8,size,0.5217391304347826,782,24,-0.0025392405490815718
8.0,0.05,8,traj,0.5345268542199488,782,24,-0.0025392405490815718
8.0,0.05,8,std,0.5639386189258312,782,24,-0.0025392405490815718
8.0,0.05,8,strong,0.5281329923273658,782,24,-0.0025392405490815718
8.0,0.05,8,bbox,0.5626598465473146,782,24,-0.0025392405490815718
8.0,0.05,9,size,0.5236572890025576,782,24,-0.0025392405490815718
8.0,0.05,9,traj,0.49232736572890023,782,24,-0.0025392405490815718
8.0,0.05,9,std,0.5524296675191815,782,24,-0.0025392405490815718
8.0,0.05,9,strong,0.4744245524296675,782,24,-0.0025392405490815718
8.0,0.05,9,bbox,0.510230179028133,782,24,-0.0025392405490815718
8.0,0.05,10,size,0.5415601023017903,782,24,-0.0025392405490815718
8.0,0.05,10,traj,0.5562659846547314,782,24,-0.0025392405490815718
8.0,0.05,10,std,0.49872122762148335,782,24,-0.0025392405490815718
8.0,0.05,10,strong,0.5179028132992327,782,24,-0.0025392405490815718
8.0,0.05,10,bbox,0.46035805626598464,782,24,-0.0025392405490815718
10.0,0.1,1,size,0.4964093357271095,1114,25,-0.0024689529179829656
10.0,0.1,1,traj,0.5691202872531418,1114,25,-0.0024689529179829656
10.0,0.1,1,std,0.547576301615799,1114,25,-0.0024689529179829656
10.0,0.1,1,strong,0.5089766606822262,1114,25,-0.0024689529179829656
10.0,0.1,1,bbox,0.43087971274685816,1114,25,-0.0024689529179829656
10.0,0.1,2,size,0.5264811490125674,1114,25,-0.0024689529179829656
10.0,0.1,2,traj,0.6247755834829444,1114,25,-0.0024689529179829656
10.0,0.1,2,std,0.5170556552962298,1114,25,-0.0024689529179829656
10.0,0.1,2,strong,0.533213644524237,1114,25,-0.0024689529179829656
10.0,0.1,2,bbox,0.5026929982046678,1114,25,-0.0024689529179829656
10.0,0.1,3,size,0.5116696588868941,1114,25,-0.0024689529179829656
10.0,0.1,3,traj,0.5771992818671454,1114,25,-0.0024689529179829656
10.0,0.1,3,std,0.5439856373429084,1114,25,-0.0024689529179829656
10.0,0.1,3,strong,0.44703770197486536,1114,25,-0.0024689529179829656
10.0,0.1,3,bbox,0.5026929982046678,1114,25,-0.0024689529179829656
10.0,0.1,4,size,0.5170556552962298,1114,25,-0.0024689529179829656
10.0,0.1,4,traj,0.5906642728904847,1114,25,-0.0024689529179829656
10.0,0.1,4,std,0.4874326750448833,1114,25,-0.0024689529179829656
10.0,0.1,4,strong,0.4982046678635548,1114,25,-0.0024689529179829656
10.0,0.1,4,bbox,0.35368043087971274,1114,25,-0.0024689529179829656
10.0,0.1,5,size,0.4964093357271095,1114,25,-0.0024689529179829656
10.0,0.1,5,traj,0.5861759425493717,1114,25,-0.0024689529179829656
10.0,0.1,5,std,0.4622980251346499,1114,25,-0.0024689529179829656
10.0,0.1,5,strong,0.5242369838420108,1114,25,-0.0024689529179829656
10.0,0.1,5,bbox,0.3384201077199282,1114,25,-0.0024689529179829656
10.0,0.1,6,size,0.4959605026929982,1114,25,-0.0024689529179829656
10.0,0.1,6,traj,0.5556552962298025,1114,25,-0.0024689529179829656
10.0,0.1,6,std,0.4012567324955117,1114,25,-0.0024689529179829656
10.0,0.1,6,strong,0.5385996409335727,1114,25,-0.0024689529179829656
10.0,0.1,6,bbox,0.5107719928186715,1114,25,-0.0024689529179829656
10.0,0.1,7,size,0.5170556552962298,1114,25,-0.0024689529179829656
10.0,0.1,7,traj,0.6140035906642729,1114,25,-0.0024689529179829656
10.0,0.1,7,std,0.5017953321364452,1114,25,-0.0024689529179829656
10.0,0.1,7,strong,0.5547576301615799,1114,25,-0.0024689529179829656
10.0,0.1,7,bbox,0.49281867145421904,1114,25,-0.0024689529179829656
10.0,0.1,8,size,0.5134649910233393,1114,25,-0.0024689529179829656
10.0,0.1,8,traj,0.5870736086175943,1114,25,-0.0024689529179829656
10.0,0.1,8,std,0.4627468581687612,1114,25,-0.0024689529179829656
10.0,0.1,8,strong,0.5323159784560144,1114,25,-0.0024689529179829656
10.0,0.1,8,bbox,0.39317773788150806,1114,25,-0.0024689529179829656
10.0,0.1,9,size,0.5143626570915619,1114,25,-0.0024689529179829656
10.0,0.1,9,traj,0.5511669658886894,1114,25,-0.0024689529179829656
10.0,0.1,9,std,0.518850987432675,1114,25,-0.0024689529179829656
10.0,0.1,9,strong,0.5242369838420108,1114,25,-0.0024689529179829656
10.0,0.1,9,bbox,0.5161579892280072,1114,25,-0.0024689529179829656
10.0,0.1,10,size,0.5170556552962298,1114,25,-0.0024689529179829656
10.0,0.1,10,traj,0.6050269299820467,1114,25,-0.0024689529179829656
10.0,0.1,10,std,0.46858168761220825,1114,25,-0.0024689529179829656
10.0,0.1,10,strong,0.5062836624775583,1114,25,-0.0024689529179829656
10.0,0.1,10,bbox,0.447935368043088,1114,25,-0.0024689529179829656
10.0,0.05,1,size,0.47818791946308725,596,24,-0.0005697207053382034
10.0,0.05,1,traj,0.5838926174496645,596,24,-0.0005697207053382034
10.0,0.05,1,std,0.5503355704697986,596,24,-0.0005697207053382034
10.0,0.05,1,strong,0.5033557046979866,596,24,-0.0005697207053382034
10.0,0.05,1,bbox,0.4513422818791946,596,24,-0.0005697207053382034
10.0,0.05,2,size,0.5226510067114094,596,24,-0.0005697207053382034
10.0,0.05,2,traj,0.6359060402684564,596,24,-0.0005697207053382034
10.0,0.05,2,std,0.4983221476510067,596,24,-0.0005697207053382034
10.0,0.05,2,strong,0.5369127516778524,596,24,-0.0005697207053382034
10.0,0.05,2,bbox,0.5067114093959731,596,24,-0.0005697207053382034
10.0,0.05,3,size,0.5050335570469798,596,24,-0.0005697207053382034
10.0,0.05,3,traj,0.5956375838926175,596,24,-0.0005697207053382034
10.0,0.05,3,std,0.5486577181208053,596,24,-0.0005697207053382034
10.0,0.05,3,strong,0.4664429530201342,596,24,-0.0005697207053382034
10.0,0.05,3,bbox,0.5184563758389261,596,24,-0.0005697207053382034
10.0,0.05,4,size,0.5067114093959731,596,24,-0.0005697207053382034
10.0,0.05,4,traj,0.6308724832214765,596,24,-0.0005697207053382034
10.0,0.05,4,std,0.4983221476510067,596,24,-0.0005697207053382034
10.0,0.05,4,strong,0.5201342281879194,596,24,-0.0005697207053382034
10.0,0.05,4,bbox,0.35067114093959734,596,24,-0.0005697207053382034
10.0,0.05,5,size,0.4748322147651007,596,24,-0.0005697207053382034
10.0,0.05,5,traj,0.610738255033557,596,24,-0.0005697207053382034
10.0,0.05,5,std,0.4714765100671141,596,24,-0.0005697207053382034
10.0,0.05,5,strong,0.5503355704697986,596,24,-0.0005697207053382034
10.0,0.05,5,bbox,0.3087248322147651,596,24,-0.0005697207053382034
10.0,0.05,6,size,0.46560402684563756,596,24,-0.0005697207053382034
10.0,0.05,6,traj,0.5620805369127517,596,24,-0.0005697207053382034
10.0,0.05,6,std,0.39093959731543626,596,24,-0.0005697207053382034
10.0,0.05,6,strong,0.5436241610738255,596,24,-0.0005697207053382034
10.0,0.05,6,bbox,0.5201342281879194,596,24,-0.0005697207053382034
10.0,0.05,7,size,0.5050335570469798,596,24,-0.0005697207053382034
10.0,0.05,7,traj,0.6157718120805369,596,24,-0.0005697207053382034
10.0,0.05,7,std,0.5100671140939598,596,24,-0.0005697207053382034
10.0,0.05,7,strong,0.5788590604026845,596,24,-0.0005697207053382034
10.0,0.05,7,bbox,0.49161073825503354,596,24,-0.0005697207053382034
10.0,0.05,8,size,0.4983221476510067,596,24,-0.0005697207053382034
10.0,0.05,8,traj,0.6140939597315436,596,24,-0.0005697207053382034
10.0,0.05,8,std,0.44546979865771813,596,24,-0.0005697207053382034
10.0,0.05,8,strong,0.535234899328859,596,24,-0.0005697207053382034
10.0,0.05,8,bbox,0.37583892617449666,596,24,-0.0005697207053382034
10.0,0.05,9,size,0.5,596,24,-0.0005697207053382034
10.0,0.05,9,traj,0.5637583892617449,596,24,-0.0005697207053382034
10.0,0.05,9,std,0.5604026845637584,596,24,-0.0005697207053382034
10.0,0.05,9,strong,0.5687919463087249,596,24,-0.0005697207053382034
10.0,0.05,9,bbox,0.5184563758389261,596,24,-0.0005697207053382034
10.0,0.05,10,size,0.5050335570469798,596,24,-0.0005697207053382034
10.0,0.05,10,traj,0.62248322147651,596,24,-0.0005697207053382034
10.0,0.05,10,std,0.46476510067114096,596,24,-0.0005697207053382034
10.0,0.05,10,strong,0.5184563758389261,596,24,-0.0005697207053382034
10.0,0.05,10,bbox,0.46140939597315433,596,24,-0.0005697207053382034
13.0,0.1,1,size,0.48063973063973064,1188,24,0.0018365574900249201
13.0,0.1,1,traj,0.67003367003367,1188,24,0.0018365574900249201
13.0,0.1,1,std,0.5269360269360269,1188,24,0.0018365574900249201
13.0,0.1,1,strong,0.49074074074074076,1188,24,0.0018365574900249201
13.0,0.1,1,bbox,0.4217171717171717,1188,24,0.0018365574900249201
13.0,0.1,2,size,0.43308080808080807,1188,24,0.0018365574900249201
13.0,0.1,2,traj,0.7062289562289562,1188,24,0.0018365574900249201
13.0,0.1,2,std,0.4166666666666667,1188,24,0.0018365574900249201
13.0,0.1,2,strong,0.5134680134680135,1188,24,0.0018365574900249201
13.0,0.1,2,bbox,0.48148148148148145,1188,24,0.0018365574900249201
13.0,0.1,3,size,0.5088383838383839,1188,24,0.0018365574900249201
13.0,0.1,3,traj,0.6843434343434344,1188,24,0.0018365574900249201
13.0,0.1,3,std,0.5370370370370371,1188,24,0.0018365574900249201
13.0,0.1,3,strong,0.5185185185185185,1188,24,0.0018365574900249201
13.0,0.1,3,bbox,0.4604377104377104,1188,24,0.0018365574900249201
13.0,0.1,4,size,0.47895622895622897,1188,24,0.0018365574900249201
13.0,0.1,4,traj,0.696969696969697,1188,24,0.0018365574900249201
13.0,0.1,4,std,0.5092592592592593,1188,24,0.0018365574900249201
13.0,0.1,4,strong,0.48063973063973064,1188,24,0.0018365574900249201
13.0,0.1,4,bbox,0.4478114478114478,1188,24,0.0018365574900249201
13.0,0.1,5,size,0.49957912457912457,1188,24,0.0018365574900249201
13.0,0.1,5,traj,0.6868686868686869,1188,24,0.0018365574900249201
13.0,0.1,5,std,0.45875420875420875,1188,24,0.0018365574900249201
13.0,0.1,5,strong,0.5715488215488216,1188,24,0.0018365574900249201
13.0,0.1,5,bbox,0.5336700336700336,1188,24,0.0018365574900249201
13.0,0.1,6,size,0.5088383838383839,1188,24,0.0018365574900249201
13.0,0.1,6,traj,0.6658249158249159,1188,24,0.0018365574900249201
13.0,0.1,6,std,0.49158249158249157,1188,24,0.0018365574900249201
13.0,0.1,6,strong,0.5361952861952862,1188,24,0.0018365574900249201
13.0,0.1,6,bbox,0.42508417508417506,1188,24,0.0018365574900249201
13.0,0.1,7,size,0.3265993265993266,1188,24,0.0018365574900249201
13.0,0.1,7,traj,0.6767676767676768,1188,24,0.0018365574900249201
13.0,0.1,7,std,0.5042087542087542,1188,24,0.0018365574900249201
13.0,0.1,7,strong,0.47474747474747475,1188,24,0.0018365574900249201
13.0,0.1,7,bbox,0.41203703703703703,1188,24,0.0018365574900249201
13.0,0.1,8,size,0.523989898989899,1188,24,0.0018365574900249201
13.0,0.1,8,traj,0.6910774410774411,1188,24,0.0018365574900249201
13.0,0.1,8,std,0.5858585858585859,1188,24,0.0018365574900249201
13.0,0.1,8,strong,0.5858585858585859,1188,24,0.0018365574900249201
13.0,0.1,8,bbox,0.41414141414141414,1188,24,0.0018365574900249201
13.0,0.1,9,size,0.5984848484848485,1188,24,0.0018365574900249201
13.0,0.1,9,traj,0.6599326599326599,1188,24,0.0018365574900249201
13.0,0.1,9,std,0.5084175084175084,1188,24,0.0018365574900249201
13.0,0.1,9,strong,0.5260942760942761,1188,24,0.0018365574900249201
13.0,0.1,9,bbox,0.4494949494949495,1188,24,0.0018365574900249201
13.0,0.1,10,size,0.44191919191919193,1188,24,0.0018365574900249201
13.0,0.1,10,traj,0.7154882154882155,1188,24,0.0018365574900249201
13.0,0.1,10,std,0.5488215488215489,1188,24,0.0018365574900249201
13.0,0.1,10,strong,0.4696969696969697,1188,24,0.0018365574900249201
13.0,0.1,10,bbox,0.4604377104377104,1188,24,0.0018365574900249201
13.0,0.05,1,size,0.4968152866242038,628,22,0.0007836518353725304
13.0,0.05,1,traj,0.6640127388535032,628,22,0.0007836518353725304
13.0,0.05,1,std,0.5254777070063694,628,22,0.0007836518353725304
13.0,0.05,1,strong,0.49363057324840764,628,22,0.0007836518353725304
13.0,0.05,1,bbox,0.4315286624203822,628,22,0.0007836518353725304
13.0,0.05,2,size,0.4195859872611465,628,22,0.0007836518353725304
13.0,0.05,2,traj,0.7181528662420382,628,22,0.0007836518353725304
13.0,0.05,2,std,0.43789808917197454,628,22,0.0007836518353725304
13.0,0.05,2,strong,0.5429936305732485,628,22,0.0007836518353725304
13.0,0.05,2,bbox,0.4872611464968153,628,22,0.0007836518353725304
13.0,0.05,3,size,0.5326433121019108,628,22,0.0007836518353725304
13.0,0.05,3,traj,0.6926751592356688,628,22,0.0007836518353725304
13.0,0.05,3,std,0.5573248407643312,628,22,0.0007836518353725304
13.0,0.05,3,strong,0.5,628,22,0.0007836518353725304
13.0,0.05,3,bbox,0.48089171974522293,628,22,0.0007836518353725304
13.0,0.05,4,size,0.4538216560509554,628,22,0.0007836518353725304
13.0,0.05,4,traj,0.6847133757961783,628,22,0.0007836518353725304
13.0,0.05,4,std,0.5191082802547771,628,22,0.0007836518353725304
13.0,0.05,4,strong,0.4729299363057325,628,22,0.0007836518353725304
13.0,0.05,4,bbox,0.4426751592356688,628,22,0.0007836518353725304
13.0,0.05,5,size,0.5007961783439491,628,22,0.0007836518353725304
13.0,0.05,5,traj,0.6815286624203821,628,22,0.0007836518353725304
13.0,0.05,5,std,0.45222929936305734,628,22,0.0007836518353725304
13.0,0.05,5,strong,0.5429936305732485,628,22,0.0007836518353725304
13.0,0.05,5,bbox,0.49522292993630573,628,22,0.0007836518353725304
13.0,0.05,6,size,0.5087579617834395,628,22,0.0007836518353725304
13.0,0.05,6,traj,0.6640127388535032,628,22,0.0007836518353725304
13.0,0.05,6,std,0.5127388535031847,628,22,0.0007836518353725304
13.0,0.05,6,strong,0.5589171974522293,628,22,0.0007836518353725304
13.0,0.05,6,bbox,0.43312101910828027,628,22,0.0007836518353725304
13.0,0.05,7,size,0.3646496815286624,628,22,0.0007836518353725304
13.0,0.05,7,traj,0.6942675159235668,628,22,0.0007836518353725304
13.0,0.05,7,std,0.4840764331210191,628,22,0.0007836518353725304
13.0,0.05,7,strong,0.48089171974522293,628,22,0.0007836518353725304
13.0,0.05,7,bbox,0.40923566878980894,628,22,0.0007836518353725304
13.0,0.05,8,size,0.5597133757961783,628,22,0.0007836518353725304
13.0,0.05,8,traj,0.6942675159235668,628,22,0.0007836518353725304
13.0,0.05,8,std,0.6178343949044586,628,22,0.0007836518353725304
13.0,0.05,8,strong,0.5843949044585988,628,22,0.0007836518353725304
13.0,0.05,8,bbox,0.40605095541401276,628,22,0.0007836518353725304
13.0,0.05,9,size,0.6178343949044586,628,22,0.0007836518353725304
13.0,0.05,9,traj,0.6656050955414012,628,22,0.0007836518353725304
13.0,0.05,9,std,0.5079617834394905,628,22,0.0007836518353725304
13.0,0.05,9,strong,0.5414012738853503,628,22,0.0007836518353725304
13.0,0.05,9,bbox,0.4442675159235669,628,22,0.0007836518353725304
13.0,0.05,10,size,0.46178343949044587,628,22,0.0007836518353725304
13.0,0.05,10,traj,0.7197452229299363,628,22,0.0007836518353725304
13.0,0.05,10,std,0.5668789808917197,628,22,0.0007836518353725304
13.0,0.05,10,strong,0.4554140127388535,628,22,0.0007836518353725304
13.0,0.05,10,bbox,0.4426751592356688,628,22,0.0007836518353725304
15.0,0.1,1,size,0.4951370468611848,1131,24,-0.0005495886705211248
15.0,0.1,1,traj,0.7011494252873564,1131,24,-0.0005495886705211248
15.0,0.1,1,std,0.519893899204244,1131,24,-0.0005495886705211248
15.0,0.1,1,strong,0.484526967285588,1131,24,-0.0005495886705211248
15.0,0.1,1,bbox,0.6587091069849691,1131,24,-0.0005495886705211248
15.0,0.1,2,size,0.5384615384615384,1131,24,-0.0005495886705211248
15.0,0.1,2,traj,0.7630415561450045,1131,24,-0.0005495886705211248
15.0,0.1,2,std,0.5464190981432361,1131,24,-0.0005495886705211248
15.0,0.1,2,strong,0.5596816976127321,1131,24,-0.0005495886705211248
15.0,0.1,2,bbox,0.731211317418214,1131,24,-0.0005495886705211248
15.0,0.1,3,size,0.40671971706454463,1131,24,-0.0005495886705211248
15.0,0.1,3,traj,0.7223695844385499,1131,24,-0.0005495886705211248
15.0,0.1,3,std,0.5897435897435898,1131,24,-0.0005495886705211248
15.0,0.1,3,strong,0.5083996463306808,1131,24,-0.0005495886705211248
15.0,0.1,3,bbox,0.6843501326259946,1131,24,-0.0005495886705211248
15.0,0.1,4,size,0.515473032714412,1131,24,-0.0005495886705211248
15.0,0.1,4,traj,0.7409372236958444,1131,24,-0.0005495886705211248
15.0,0.1,4,std,0.4305923961096375,1131,24,-0.0005495886705211248
15.0,0.1,4,strong,0.6038903625110522,1131,24,-0.0005495886705211248
15.0,0.1,4,bbox,0.7073386383731212,1131,24,-0.0005495886705211248
15.0,0.1,5,size,0.5287356321839081,1131,24,-0.0005495886705211248
15.0,0.1,5,traj,0.7550839964633068,1131,24,-0.0005495886705211248
15.0,0.1,5,std,0.5172413793103449,1131,24,-0.0005495886705211248
15.0,0.1,5,strong,0.5473032714412025,1131,24,-0.0005495886705211248
15.0,0.1,5,bbox,0.6489832007073386,1131,24,-0.0005495886705211248
15.0,0.1,6,size,0.5305039787798409,1131,24,-0.0005495886705211248
15.0,0.1,6,traj,0.7497789566755084,1131,24,-0.0005495886705211248
15.0,0.1,6,std,0.5910698496905393,1131,24,-0.0005495886705211248
15.0,0.1,6,strong,0.5260831122900088,1131,24,-0.0005495886705211248
15.0,0.1,6,bbox,0.6648983200707339,1131,24,-0.0005495886705211248
15.0,0.1,7,size,0.3183023872679045,1131,24,-0.0005495886705211248
15.0,0.1,7,traj,0.7152961980548187,1131,24,-0.0005495886705211248
15.0,0.1,7,std,0.5048629531388152,1131,24,-0.0005495886705211248
15.0,0.1,7,strong,0.47833775419982316,1131,24,-0.0005495886705211248
15.0,0.1,7,bbox,0.717948717948718,1131,24,-0.0005495886705211248
15.0,0.1,8,size,0.3952254641909814,1131,24,-0.0005495886705211248
15.0,0.1,8,traj,0.7524314765694076,1131,24,-0.0005495886705211248
15.0,0.1,8,std,0.5826702033598585,1131,24,-0.0005495886705211248
15.0,0.1,8,strong,0.6534040671971706,1131,24,-0.0005495886705211248
15.0,0.1,8,bbox,0.5685234305923961,1131,24,-0.0005495886705211248
15.0,0.1,9,size,0.48408488063660476,1131,24,-0.0005495886705211248
15.0,0.1,9,traj,0.726790450928382,1131,24,-0.0005495886705211248
15.0,0.1,9,std,0.5269672855879752,1131,24,-0.0005495886705211248
15.0,0.1,9,strong,0.5216622458001768,1131,24,-0.0005495886705211248
15.0,0.1,9,bbox,0.7374005305039788,1131,24,-0.0005495886705211248
15.0,0.1,10,size,0.5004420866489832,1131,24,-0.0005495886705211248
15.0,0.1,10,traj,0.7763041556145004,1131,24,-0.0005495886705211248
15.0,0.1,10,std,0.5473032714412025,1131,24,-0.0005495886705211248
15.0,0.1,10,strong,0.537577365163572,1131,24,-0.0005495886705211248
15.0,0.1,10,bbox,0.6923076923076923,1131,24,-0.0005495886705211248
15.0,0.05,1,size,0.528,625,24,0.00028335814505584266
15.0,0.05,1,traj,0.6832,625,24,0.00028335814505584266
15.0,0.05,1,std,0.5328,625,24,0.00028335814505584266
15.0,0.05,1,strong,0.4608,625,24,0.00028335814505584266
15.0,0.05,1,bbox,0.656,625,24,0.00028335814505584266
15.0,0.05,2,size,0.5456,625,24,0.00028335814505584266
15.0,0.05,2,traj,0.7568,625,24,0.00028335814505584266
15.0,0.05,2,std,0.5312,625,24,0.00028335814505584266
15.0,0.05,2,strong,0.5744,625,24,0.00028335814505584266
15.0,0.05,2,bbox,0.72,625,24,0.00028335814505584266
15.0,0.05,3,size,0.3936,625,24,0.00028335814505584266
15.0,0.05,3,traj,0.7024,625,24,0.00028335814505584266
15.0,0.05,3,std,0.5872,625,24,0.00028335814505584266
15.0,0.05,3,strong,0.5248,625,24,0.00028335814505584266
15.0,0.05,3,bbox,0.6768,625,24,0.00028335814505584266
15.0,0.05,4,size,0.504,625,24,0.00028335814505584266
15.0,0.05,4,traj,0.72,625,24,0.00028335814505584266
15.0,0.05,4,std,0.3872,625,24,0.00028335814505584266
15.0,0.05,4,strong,0.6,625,24,0.00028335814505584266
15.0,0.05,4,bbox,0.7024,625,24,0.00028335814505584266
15.0,0.05,5,size,0.568,625,24,0.00028335814505584266
15.0,0.05,5,traj,0.7504,625,24,0.00028335814505584266
15.0,0.05,5,std,0.5312,625,24,0.00028335814505584266
15.0,0.05,5,strong,0.5632,625,24,0.00028335814505584266
15.0,0.05,5,bbox,0.6256,625,24,0.00028335814505584266
15.0,0.05,6,size,0.528,625,24,0.00028335814505584266
15.0,0.05,6,traj,0.7328,625,24,0.00028335814505584266
15.0,0.05,6,std,0.5544,625,24,0.00028335814505584266
15.0,0.05,6,strong,0.5088,625,24,0.00028335814505584266
15.0,0.05,6,bbox,0.664,625,24,0.00028335814505584266
15.0,0.05,7,size,0.2832,625,24,0.00028335814505584266
15.0,0.05,7,traj,0.7024,625,24,0.00028335814505584266
15.0,0.05,7,std,0.504,625,24,0.00028335814505584266
15.0,0.05,7,strong,0.4704,625,24,0.00028335814505584266
15.0,0.05,7,bbox,0.7152,625,24,0.00028335814505584266
15.0,0.05,8,size,0.376,625,24,0.00028335814505584266
15.0,0.05,8,traj,0.7232,625,24,0.00028335814505584266
15.0,0.05,8,std,0.5984,625,24,0.00028335814505584266
15.0,0.05,8,strong,0.624,625,24,0.00028335814505584266
15.0,0.05,8,bbox,0.568,625,24,0.00028335814505584266
15.0,0.05,9,size,0.4856,625,24,0.00028335814505584266
15.0,0.05,9,traj,0.6976,625,24,0.00028335814505584266
15.0,0.05,9,std,0.5248,625,24,0.00028335814505584266
15.0,0.05,9,strong,0.512,625,24,0.00028335814505584266
15.0,0.05,9,bbox,0.7248,625,24,0.00028335814505584266
15.0,0.05,10,size,0.512,625,24,0.00028335814505584266
15.0,0.05,10,traj,0.7648,625,24,0.00028335814505584266
15.0,0.05,10,std,0.536,625,24,0.00028335814505584266
15.0,0.05,10,strong,0.52,625,24,0.00028335814505584266
15.0,0.05,10,bbox,0.6816,625,24,0.00028335814505584266
17.0,0.1,1,size,0.5651672433679354,867,23,0.010308680052635463
17.0,0.1,1,traj,0.8373702422145328,867,23,0.010308680052635463
17.0,0.1,1,std,0.5882352941176471,867,23,0.010308680052635463
17.0,0.1,1,strong,0.671280276816609,867,23,0.010308680052635463
17.0,0.1,1,bbox,0.6459054209919262,867,23,0.010308680052635463
17.0,0.1,2,size,0.5305651672433679,867,23,0.010308680052635463
17.0,0.1,2,traj,0.8385236447520185,867,23,0.010308680052635463
17.0,0.1,2,std,0.5963091118800461,867,23,0.010308680052635463
17.0,0.1,2,strong,0.497116493656286,867,23,0.010308680052635463
17.0,0.1,2,bbox,0.6205305651672434,867,23,0.010308680052635463
17.0,0.1,3,size,0.47808535178777395,867,23,0.010308680052635463
17.0,0.1,3,traj,0.817762399077278,867,23,0.010308680052635463
17.0,0.1,3,std,0.5490196078431373,867,23,0.010308680052635463
17.0,0.1,3,strong,0.6286043829296425,867,23,0.010308680052635463
17.0,0.1,3,bbox,0.698961937716263,867,23,0.010308680052635463
17.0,0.1,4,size,0.52479815455594,867,23,0.010308680052635463
17.0,0.1,4,traj,0.8477508650519031,867,23,0.010308680052635463
17.0,0.1,4,std,0.5178777393310265,867,23,0.010308680052635463
17.0,0.1,4,strong,0.5455594002306805,867,23,0.010308680052635463
17.0,0.1,4,bbox,0.629757785467128,867,23,0.010308680052635463
17.0,0.1,5,size,0.5224913494809689,867,23,0.010308680052635463
17.0,0.1,5,traj,0.8523644752018454,867,23,0.010308680052635463
17.0,0.1,5,std,0.5974625144175317,867,23,0.010308680052635463
17.0,0.1,5,strong,0.5951557093425606,867,23,0.010308680052635463
17.0,0.1,5,bbox,0.5916955017301038,867,23,0.010308680052635463
17.0,0.1,6,size,0.5467128027681661,867,23,0.010308680052635463
17.0,0.1,6,traj,0.8223760092272203,867,23,0.010308680052635463
17.0,0.1,6,std,0.5674740484429066,867,23,0.010308680052635463
17.0,0.1,6,strong,0.5271049596309112,867,23,0.010308680052635463
17.0,0.1,6,bbox,0.6655132641291811,867,23,0.010308680052635463
17.0,0.1,7,size,0.48904267589388695,867,23,0.010308680052635463
17.0,0.1,7,traj,0.8189158016147635,867,23,0.010308680052635463
17.0,0.1,7,std,0.5963091118800461,867,23,0.010308680052635463
17.0,0.1,7,strong,0.5813148788927336,867,23,0.010308680052635463
17.0,0.1,7,bbox,0.6528258362168397,867,23,0.010308680052635463
17.0,0.1,8,size,0.47750865051903113,867,23,0.010308680052635463
17.0,0.1,8,traj,0.8373702422145328,867,23,0.010308680052635463
17.0,0.1,8,std,0.5686274509803921,867,23,0.010308680052635463
17.0,0.1,8,strong,0.635524798154556,867,23,0.010308680052635463
17.0,0.1,8,bbox,0.5997693194925029,867,23,0.010308680052635463
17.0,0.1,9,size,0.5767012687427913,867,23,0.010308680052635463
17.0,0.1,9,traj,0.8327566320645905,867,23,0.010308680052635463
17.0,0.1,9,std,0.6701268742791234,867,23,0.010308680052635463
17.0,0.1,9,strong,0.5882352941176471,867,23,0.010308680052635463
17.0,0.1,9,bbox,0.635524798154556,867,23,0.010308680052635463
17.0,0.1,10,size,0.5651672433679354,867,23,0.010308680052635463
17.0,0.1,10,traj,0.8512110726643599,867,23,0.010308680052635463
17.0,0.1,10,std,0.5594002306805075,867,23,0.010308680052635463
17.0,0.1,10,strong,0.538638985005767,867,23,0.010308680052635463
17.0,0.1,10,bbox,0.635524798154556,867,23,0.010308680052635463
17.0,0.05,1,size,0.5111607142857143,448,23,0.0021657796628335516
17.0,0.05,1,traj,0.8549107142857143,448,23,0.0021657796628335516
17.0,0.05,1,std,0.5803571428571429,448,23,0.0021657796628335516
17.0,0.05,1,strong,0.6473214285714286,448,23,0.0021657796628335516
17.0,0.05,1,bbox,0.6383928571428571,448,23,0.0021657796628335516
17.0,0.05,2,size,0.47767857142857145,448,23,0.0021657796628335516
17.0,0.05,2,traj,0.859375,448,23,0.0021657796628335516
17.0,0.05,2,std,0.5982142857142857,448,23,0.0021657796628335516
17.0,0.05,2,strong,0.48214285714285715,448,23,0.0021657796628335516
17.0,0.05,2,bbox,0.609375,448,23,0.0021657796628335516
17.0,0.05,3,size,0.4140625,448,23,0.0021657796628335516
17.0,0.05,3,traj,0.8236607142857143,448,23,0.0021657796628335516
17.0,0.05,3,std,0.5401785714285714,448,23,0.0021657796628335516
17.0,0.05,3,strong,0.6316964285714286,448,23,0.0021657796628335516
17.0,0.05,3,bbox,0.6964285714285714,448,23,0.0021657796628335516
17.0,0.05,4,size,0.45089285714285715,448,23,0.0021657796628335516
17.0,0.05,4,traj,0.8772321428571429,448,23,0.0021657796628335516
17.0,0.05,4,std,0.515625,448,23,0.0021657796628335516
17.0,0.05,4,strong,0.53125,448,23,0.0021657796628335516
17.0,0.05,4,bbox,0.6294642857142857,448,23,0.0021657796628335516
17.0,0.05,5,size,0.4330357142857143,448,23,0.0021657796628335516
17.0,0.05,5,traj,0.8683035714285714,448,23,0.0021657796628335516
17.0,0.05,5,std,0.5892857142857143,448,23,0.0021657796628335516
17.0,0.05,5,strong,0.5580357142857143,448,23,0.0021657796628335516
17.0,0.05,5,bbox,0.5982142857142857,448,23,0.0021657796628335516
17.0,0.05,6,size,0.48660714285714285,448,23,0.0021657796628335516
17.0,0.05,6,traj,0.8392857142857143,448,23,0.0021657796628335516
17.0,0.05,6,std,0.5714285714285714,448,23,0.0021657796628335516
17.0,0.05,6,strong,0.5290178571428571,448,23,0.0021657796628335516
17.0,0.05,6,bbox,0.6629464285714286,448,23,0.0021657796628335516
17.0,0.05,7,size,0.40625,448,23,0.0021657796628335516
17.0,0.05,7,traj,0.8392857142857143,448,23,0.0021657796628335516
17.0,0.05,7,std,0.5870535714285714,448,23,0.0021657796628335516
17.0,0.05,7,strong,0.5714285714285714,448,23,0.0021657796628335516
17.0,0.05,7,bbox,0.6495535714285714,448,23,0.0021657796628335516
17.0,0.05,8,size,0.3950892857142857,448,23,0.0021657796628335516
17.0,0.05,8,traj,0.8683035714285714,448,23,0.0021657796628335516
17.0,0.05,8,std,0.578125,448,23,0.0021657796628335516
17.0,0.05,8,strong,0.625,448,23,0.0021657796628335516
17.0,0.05,8,bbox,0.5959821428571429,448,23,0.0021657796628335516
17.0,0.05,9,size,0.5245535714285714,448,23,0.0021657796628335516
17.0,0.05,9,traj,0.8660714285714286,448,23,0.0021657796628335516
17.0,0.05,9,std,0.6785714285714286,448,23,0.0021657796628335516
17.0,0.05,9,strong,0.6049107142857143,448,23,0.0021657796628335516
17.0,0.05,9,bbox,0.65625,448,23,0.0021657796628335516
17.0,0.05,10,size,0.5,448,23,0.0021657796628335516
17.0,0.05,10,traj,0.875,448,23,0.0021657796628335516
17.0,0.05,10,std,0.5401785714285714,448,23,0.0021657796628335516
17.0,0.05,10,strong,0.53125,448,23,0.0021657796628335516
17.0,0.05,10,bbox,0.6428571428571429,448,23,0.0021657796628335516
20.5,0.1,1,size,0.5782520325203252,492,23,0.013334880059838846
20.5,0.1,1,traj,0.8434959349593496,492,23,0.013334880059838846
20.5,0.1,1,std,0.6199186991869918,492,23,0.013334880059838846
20.5,0.1,1,strong,0.5792682926829268,492,23,0.013334880059838846
20.5,0.1,1,bbox,0.790650406504065,492,23,0.013334880059838846
20.5,0.1,2,size,0.556910569105691,492,23,0.013334880059838846
20.5,0.1,2,traj,0.8495934959349594,492,23,0.013334880059838846
20.5,0.1,2,std,0.6747967479674797,492,23,0.013334880059838846
20.5,0.1,2,strong,0.693089430894309,492,23,0.013334880059838846
20.5,0.1,2,bbox,0.7682926829268293,492,23,0.013334880059838846
20.5,0.1,3,size,0.4817073170731707,492,23,0.013334880059838846
20.5,0.1,3,traj,0.8008130081300813,492,23,0.013334880059838846
20.5,0.1,3,std,0.6666666666666666,492,23,0.013334880059838846
20.5,0.1,3,strong,0.6382113821138211,492,23,0.013334880059838846
20.5,0.1,3,bbox,0.790650406504065,492,23,0.013334880059838846
20.5,0.1,4,size,0.5345528455284553,492,23,0.013334880059838846
20.5,0.1,4,traj,0.8516260162601627,492,23,0.013334880059838846
20.5,0.1,4,std,0.6178861788617886,492,23,0.013334880059838846
20.5,0.1,4,strong,0.676829268292683,492,23,0.013334880059838846
20.5,0.1,4,bbox,0.6727642276422764,492,23,0.013334880059838846
20.5,0.1,5,size,0.5040650406504065,492,23,0.013334880059838846
20.5,0.1,5,traj,0.8475609756097561,492,23,0.013334880059838846
20.5,0.1,5,std,0.7195121951219512,492,23,0.013334880059838846
20.5,0.1,5,strong,0.6361788617886179,492,23,0.013334880059838846
20.5,0.1,5,bbox,0.7845528455284553,492,23,0.013334880059838846
20.5,0.1,6,size,0.551829268292683,492,23,0.013334880059838846
20.5,0.1,6,traj,0.8373983739837398,492,23,0.013334880059838846
20.5,0.1,6,std,0.6361788617886179,492,23,0.013334880059838846
20.5,0.1,6,strong,0.5934959349593496,492,23,0.013334880059838846
20.5,0.1,6,bbox,0.7296747967479674,492,23,0.013334880059838846
20.5,0.1,7,size,0.532520325203252,492,23,0.013334880059838846
20.5,0.1,7,traj,0.8333333333333334,492,23,0.013334880059838846
20.5,0.1,7,std,0.6463414634146342,492,23,0.013334880059838846
20.5,0.1,7,strong,0.540650406504065,492,23,0.013334880059838846
20.5,0.1,7,bbox,0.7784552845528455,492,23,0.013334880059838846
20.5,0.1,8,size,0.5020325203252033,492,23,0.013334880059838846
20.5,0.1,8,traj,0.8292682926829268,492,23,0.013334880059838846
20.5,0.1,8,std,0.5894308943089431,492,23,0.013334880059838846
20.5,0.1,8,strong,0.46747967479674796,492,23,0.013334880059838846
20.5,0.1,8,bbox,0.733739837398374,492,23,0.013334880059838846
20.5,0.1,9,size,0.5802845528455285,492,23,0.013334880059838846
20.5,0.1,9,traj,0.8475609756097561,492,23,0.013334880059838846
20.5,0.1,9,std,0.6321138211382114,492,23,0.013334880059838846
20.5,0.1,9,strong,0.6300813008130082,492,23,0.013334880059838846
20.5,0.1,9,bbox,0.7886178861788617,492,23,0.013334880059838846
20.5,0.1,10,size,0.573170731707317,492,23,0.013334880059838846
20.5,0.1,10,traj,0.8516260162601627,492,23,0.013334880059838846
20.5,0.1,10,std,0.693089430894309,492,23,0.013334880059838846
20.5,0.1,10,strong,0.6321138211382114,492,23,0.013334880059838846
20.5,0.1,10,bbox,0.7459349593495935,492,23,0.013334880059838846
20.5,0.05,1,size,0.5216450216450217,231,23,0.007751804076763549
20.5,0.05,1,traj,0.7922077922077922,231,23,0.007751804076763549
20.5,0.05,1,std,0.6363636363636364,231,23,0.007751804076763549
20.5,0.05,1,strong,0.5844155844155844,231,23,0.007751804076763549
20.5,0.05,1,bbox,0.7878787878787878,231,23,0.007751804076763549
20.5,0.05,2,size,0.5064935064935064,231,23,0.007751804076763549
20.5,0.05,2,traj,0.8138528138528138,231,23,0.007751804076763549
20.5,0.05,2,std,0.670995670995671,231,23,0.007751804076763549
20.5,0.05,2,strong,0.658008658008658,231,23,0.007751804076763549
20.5,0.05,2,bbox,0.7878787878787878,231,23,0.007751804076763549
20.5,0.05,3,size,0.45454545454545453,231,23,0.007751804076763549
20.5,0.05,3,traj,0.7575757575757576,231,23,0.007751804076763549
20.5,0.05,3,std,0.683982683982684,231,23,0.007751804076763549
20.5,0.05,3,strong,0.6277056277056277,231,23,0.007751804076763549
20.5,0.05,3,bbox,0.7878787878787878,231,23,0.007751804076763549
20.5,0.05,4,size,0.5108225108225108,231,23,0.007751804076763549
20.5,0.05,4,traj,0.8051948051948052,231,23,0.007751804076763549
20.5,0.05,4,std,0.6493506493506493,231,23,0.007751804076763549
20.5,0.05,4,strong,0.7012987012987013,231,23,0.007751804076763549
20.5,0.05,4,bbox,0.658008658008658,231,23,0.007751804076763549
20.5,0.05,5,size,0.47186147186147187,231,23,0.007751804076763549
20.5,0.05,5,traj,0.8051948051948052,231,23,0.007751804076763549
20.5,0.05,5,std,0.7186147186147186,231,23,0.007751804076763549
20.5,0.05,5,strong,0.6147186147186147,231,23,0.007751804076763549
20.5,0.05,5,bbox,0.7792207792207793,231,23,0.007751804076763549
20.5,0.05,6,size,0.5173160173160173,231,23,0.007751804076763549
20.5,0.05,6,traj,0.7965367965367965,231,23,0.007751804076763549
20.5,0.05,6,std,0.5844155844155844,231,23,0.007751804076763549
20.5,0.05,6,strong,0.6147186147186147,231,23,0.007751804076763549
20.5,0.05,6,bbox,0.7445887445887446,231,23,0.007751804076763549
20.5,0.05,7,size,0.5108225108225108,231,23,0.007751804076763549
20.5,0.05,7,traj,0.7878787878787878,231,23,0.007751804076763549
20.5,0.05,7,std,0.6233766233766234,231,23,0.007751804076763549
20.5,0.05,7,strong,0.5324675324675324,231,23,0.007751804076763549
20.5,0.05,7,bbox,0.7835497835497836,231,23,0.007751804076763549
20.5,0.05,8,size,0.48484848484848486,231,23,0.007751804076763549
20.5,0.05,8,traj,0.7878787878787878,231,23,0.007751804076763549
20.5,0.05,8,std,0.5887445887445888,231,23,0.007751804076763549
20.5,0.05,8,strong,0.4675324675324675,231,23,0.007751804076763549
20.5,0.05,8,bbox,0.7489177489177489,231,23,0.007751804076763549
20.5,0.05,9,size,0.5909090909090909,231,23,0.007751804076763549
20.5,0.05,9,traj,0.8138528138528138,231,23,0.007751804076763549
20.5,0.05,9,std,0.645021645021645,231,23,0.007751804076763549
20.5,0.05,9,strong,0.6277056277056277,231,23,0.007751804076763549
20.5,0.05,9,bbox,0.7835497835497836,231,23,0.007751804076763549
20.5,0.05,10,size,0.5108225108225108,231,23,0.007751804076763549
20.5,0.05,10,traj,0.8051948051948052,231,23,0.007751804076763549
20.5,0.05,10,std,0.7056277056277056,231,23,0.007751804076763549
20.5,0.05,10,strong,0.5844155844155844,231,23,0.007751804076763549
20.5,0.05,10,bbox,0.7489177489177489,231,23,0.007751804076763549
24.0,0.1,1,size,0.516728624535316,269,21,0.007202893657873318
24.0,0.1,1,traj,0.7211895910780669,269,21,0.007202893657873318
24.0,0.1,1,std,0.5278810408921933,269,21,0.007202893657873318
24.0,0.1,1,strong,0.5427509293680297,269,21,0.007202893657873318
24.0,0.1,1,bbox,0.654275092936803,269,21,0.007202893657873318
24.0,0.1,2,size,0.516728624535316,269,21,0.007202893657873318
24.0,0.1,2,traj,0.758364312267658,269,21,0.007202893657873318
24.0,0.1,2,std,0.5130111524163569,269,21,0.007202893657873318
24.0,0.1,2,strong,0.5055762081784386,269,21,0.007202893657873318
24.0,0.1,2,bbox,0.5464684014869888,269,21,0.007202893657873318
24.0,0.1,3,size,0.24907063197026022,269,21,0.007202893657873318
24.0,0.1,3,traj,0.6617100371747212,269,21,0.007202893657873318
24.0,0.1,3,std,0.4944237918215613,269,21,0.007202893657873318
24.0,0.1,3,strong,0.40148698884758366,269,21,0.007202893657873318
24.0,0.1,3,bbox,0.43866171003717475,269,21,0.007202893657873318
24.0,0.1,4,size,0.5743494423791822,269,21,0.007202893657873318
24.0,0.1,4,traj,0.7434944237918215,269,21,0.007202893657873318
24.0,0.1,4,std,0.5278810408921933,269,21,0.007202893657873318
24.0,0.1,4,strong,0.5278810408921933,269,21,0.007202893657873318
24.0,0.1,4,bbox,0.44609665427509293,269,21,0.007202893657873318
24.0,0.1,5,size,0.44981412639405205,269,21,0.007202893657873318
24.0,0.1,5,traj,0.7397769516728625,269,21,0.007202893657873318
24.0,0.1,5,std,0.7026022304832714,269,21,0.007202893657873318
24.0,0.1,5,strong,0.5204460966542751,269,21,0.007202893657873318
24.0,0.1,5,bbox,0.654275092936803,269,21,0.007202893657873318
24.0,0.1,6,size,0.45353159851301117,269,21,0.007202893657873318
24.0,0.1,6,traj,0.7509293680297398,269,21,0.007202893657873318
24.0,0.1,6,std,0.4163568773234201,269,21,0.007202893657873318
24.0,0.1,6,strong,0.5687732342007435,269,21,0.007202893657873318
24.0,0.1,6,bbox,0.49814126394052044,269,21,0.007202893657873318
24.0,0.1,7,size,0.5018587360594795,269,21,0.007202893657873318
24.0,0.1,7,traj,0.7323420074349443,269,21,0.007202893657873318
24.0,0.1,7,std,0.516728624535316,269,21,0.007202893657873318
24.0,0.1,7,strong,0.550185873605948,269,21,0.007202893657873318
24.0,0.1,7,bbox,0.4721189591078067,269,21,0.007202893657873318
24.0,0.1,8,size,0.3940520446096654,269,21,0.007202893657873318
24.0,0.1,8,traj,0.6802973977695167,269,21,0.007202893657873318
24.0,0.1,8,std,0.4349442379182156,269,21,0.007202893657873318
24.0,0.1,8,strong,0.34572490706319703,269,21,0.007202893657873318
24.0,0.1,8,bbox,0.5687732342007435,269,21,0.007202893657873318
24.0,0.1,9,size,0.5613382899628253,269,21,0.007202893657873318
24.0,0.1,9,traj,0.7397769516728625,269,21,0.007202893657873318
24.0,0.1,9,std,0.5947955390334573,269,21,0.007202893657873318
24.0,0.1,9,strong,0.4349442379182156,269,21,0.007202893657873318
24.0,0.1,9,bbox,0.516728624535316,269,21,0.007202893657873318
24.0,0.1,10,size,0.5427509293680297,269,21,0.007202893657873318
24.0,0.1,10,traj,0.7397769516728625,269,21,0.007202893657873318
24.0,0.1,10,std,0.5018587360594795,269,21,0.007202893657873318
24.0,0.1,10,strong,0.6579925650557621,269,21,0.007202893657873318
24.0,0.1,10,bbox,0.5315985130111525,269,21,0.007202893657873318
24.0,0.05,1,size,0.4496124031007752,129,14,0.0022435817395790704
24.0,0.05,1,traj,0.689922480620155,129,14,0.0022435817395790704
24.0,0.05,1,std,0.4728682170542636,129,14,0.0022435817395790704
24.0,0.05,1,strong,0.5116279069767442,129,14,0.0022435817395790704
24.0,0.05,1,bbox,0.6666666666666666,129,14,0.0022435817395790704
24.0,0.05,2,size,0.5038759689922481,129,14,0.0022435817395790704
24.0,0.05,2,traj,0.7364341085271318,129,14,0.0022435817395790704
24.0,0.05,2,std,0.4573643410852713,129,14,0.0022435817395790704
24.0,0.05,2,strong,0.5193798449612403,129,14,0.0022435817395790704
24.0,0.05,2,bbox,0.5038759689922481,129,14,0.0022435817395790704
24.0,0.05,3,size,0.20155038759689922,129,14,0.0022435817395790704
24.0,0.05,3,traj,0.6201550387596899,129,14,0.0022435817395790704
24.0,0.05,3,std,0.4418604651162791,129,14,0.0022435817395790704
24.0,0.05,3,strong,0.4108527131782946,129,14,0.0022435817395790704
24.0,0.05,3,bbox,0.4186046511627907,129,14,0.0022435817395790704
24.0,0.05,4,size,0.5465116279069767,129,14,0.0022435817395790704
24.0,0.05,4,traj,0.7286821705426356,129,14,0.0022435817395790704
24.0,0.05,4,std,0.5116279069767442,129,14,0.0022435817395790704
24.0,0.05,4,strong,0.49612403100775193,129,14,0.0022435817395790704
24.0,0.05,4,bbox,0.4108527131782946,129,14,0.0022435817395790704
24.0,0.05,5,size,0.4186046511627907,129,14,0.0022435817395790704
24.0,0.05,5,traj,0.7209302325581395,129,14,0.0022435817395790704
24.0,0.05,5,std,0.6976744186046512,129,14,0.0022435817395790704
24.0,0.05,5,strong,0.49612403100775193,129,14,0.0022435817395790704
24.0,0.05,5,bbox,0.6666666666666666,129,14,0.0022435817395790704
24.0,0.05,6,size,0.4728682170542636,129,14,0.0022435817395790704
24.0,0.05,6,traj,0.7286821705426356,129,14,0.0022435817395790704
24.0,0.05,6,std,0.40310077519379844,129,14,0.0022435817395790704
24.0,0.05,6,strong,0.5426356589147286,129,14,0.0022435817395790704
24.0,0.05,6,bbox,0.4418604651162791,129,14,0.0022435817395790704
24.0,0.05,7,size,0.4728682170542636,129,14,0.0022435817395790704
24.0,0.05,7,traj,0.7131782945736435,129,14,0.0022435817395790704
24.0,0.05,7,std,0.4573643410852713,129,14,0.0022435817395790704
24.0,0.05,7,strong,0.5271317829457365,129,14,0.0022435817395790704
24.0,0.05,7,bbox,0.4496124031007752,129,14,0.0022435817395790704
24.0,0.05,8,size,0.35658914728682173,129,14,0.0022435817395790704
24.0,0.05,8,traj,0.6666666666666666,129,14,0.0022435817395790704
24.0,0.05,8,std,0.3798449612403101,129,14,0.0022435817395790704
24.0,0.05,8,strong,0.29457364341085274,129,14,0.0022435817395790704
24.0,0.05,8,bbox,0.5271317829457365,129,14,0.0022435817395790704
24.0,0.05,9,size,0.5658914728682171,129,14,0.0022435817395790704
24.0,0.05,9,traj,0.7131782945736435,129,14,0.0022435817395790704
24.0,0.05,9,std,0.5736434108527132,129,14,0.0022435817395790704
24.0,0.05,9,strong,0.43410852713178294,129,14,0.0022435817395790704
24.0,0.05,9,bbox,0.4806201550387597,129,14,0.0022435817395790704
24.0,0.05,10,size,0.4883720930232558,129,14,0.0022435817395790704
24.0,0.05,10,traj,0.7441860465116279,129,14,0.0022435817395790704
24.0,0.05,10,std,0.46511627906976744,129,14,0.0022435817395790704
24.0,0.05,10,strong,0.6976744186046512,129,14,0.0022435817395790704
24.0,0.05,10,bbox,0.5038759689922481,129,14,0.0022435817395790704
28.0,0.1,1,size,0.44047619047619047,168,12,-0.00033984985186943
28.0,0.1,1,traj,0.8214285714285714,168,12,-0.00033984985186943
28.0,0.1,1,std,0.4523809523809524,168,12,-0.00033984985186943
28.0,0.1,1,strong,0.375,168,12,-0.00033984985186943
28.0,0.1,1,bbox,0.4523809523809524,168,12,-0.00033984985186943
28.0,0.1,2,size,0.5357142857142857,168,12,-0.00033984985186943
28.0,0.1,2,traj,0.8333333333333334,168,12,-0.00033984985186943
28.0,0.1,2,std,0.31547619047619047,168,12,-0.00033984985186943
28.0,0.1,2,strong,0.34523809523809523,168,12,-0.00033984985186943
28.0,0.1,2,bbox,0.47023809523809523,168,12,-0.00033984985186943
28.0,0.1,3,size,0.2916666666666667,168,12,-0.00033984985186943
28.0,0.1,3,traj,0.7678571428571429,168,12,-0.00033984985186943
28.0,0.1,3,std,0.375,168,12,-0.00033984985186943
28.0,0.1,3,strong,0.5833333333333334,168,12,-0.00033984985186943
28.0,0.1,3,bbox,0.34523809523809523,168,12,-0.00033984985186943
28.0,0.1,4,size,0.5833333333333334,168,12,-0.00033984985186943
28.0,0.1,4,traj,0.8333333333333334,168,12,-0.00033984985186943
28.0,0.1,4,std,0.43452380952380953,168,12,-0.00033984985186943
28.0,0.1,4,strong,0.43452380952380953,168,12,-0.00033984985186943
28.0,0.1,4,bbox,0.5297619047619048,168,12,-0.00033984985186943
28.0,0.1,5,size,0.3869047619047619,168,12,-0.00033984985186943
28.0,0.1,5,traj,0.7797619047619048,168,12,-0.00033984985186943
28.0,0.1,5,std,0.31547619047619047,168,12,-0.00033984985186943
28.0,0.1,5,strong,0.4523809523809524,168,12,-0.00033984985186943
28.0,0.1,5,bbox,0.7797619047619048,168,12,-0.00033984985186943
28.0,0.1,6,size,0.48214285714285715,168,12,-0.00033984985186943
28.0,0.1,6,traj,0.8035714285714286,168,12,-0.00033984985186943
28.0,0.1,6,std,0.4166666666666667,168,12,-0.00033984985186943
28.0,0.1,6,strong,0.6190476190476191,168,12,-0.00033984985186943
28.0,0.1,6,bbox,0.625,168,12,-0.00033984985186943
28.0,0.1,7,size,0.42857142857142855,168,12,-0.00033984985186943
28.0,0.1,7,traj,0.8035714285714286,168,12,-0.00033984985186943
28.0,0.1,7,std,0.43452380952380953,168,12,-0.00033984985186943
28.0,0.1,7,strong,0.4583333333333333,168,12,-0.00033984985186943
28.0,0.1,7,bbox,0.5535714285714286,168,12,-0.00033984985186943
28.0,0.1,8,size,0.35119047619047616,168,12,-0.00033984985186943
28.0,0.1,8,traj,0.7678571428571429,168,12,-0.00033984985186943
28.0,0.1,8,std,0.3273809523809524,168,12,-0.00033984985186943
28.0,0.1,8,strong,0.4642857142857143,168,12,-0.00033984985186943
28.0,0.1,8,bbox,0.38095238095238093,168,12,-0.00033984985186943
28.0,0.1,9,size,0.5059523809523809,168,12,-0.00033984985186943
28.0,0.1,9,traj,0.8392857142857143,168,12,-0.00033984985186943
28.0,0.1,9,std,0.43452380952380953,168,12,-0.00033984985186943
28.0,0.1,9,strong,0.44047619047619047,168,12,-0.00033984985186943
28.0,0.1,9,bbox,0.4583333333333333,168,12,-0.00033984985186943
28.0,0.1,10,size,0.5357142857142857,168,12,-0.00033984985186943
28.0,0.1,10,traj,0.7857142857142857,168,12,-0.00033984985186943
28.0,0.1,10,std,0.6428571428571429,168,12,-0.00033984985186943
28.0,0.1,10,strong,0.6369047619047619,168,12,-0.00033984985186943
28.0,0.1,10,bbox,0.6011904761904762,168,12,-0.00033984985186943
28.0,0.05,1,size,0.4268292682926829,82,9,-0.0007358913339766384
28.0,0.05,1,traj,0.8170731707317073,82,9,-0.0007358913339766384
28.0,0.05,1,std,0.45121951219512196,82,9,-0.0007358913339766384
28.0,0.05,1,strong,0.4268292682926829,82,9,-0.0007358913339766384
28.0,0.05,1,bbox,0.4268292682926829,82,9,-0.0007358913339766384
28.0,0.05,2,size,0.5121951219512195,82,9,-0.0007358913339766384
28.0,0.05,2,traj,0.8292682926829268,82,9,-0.0007358913339766384
28.0,0.05,2,std,0.2682926829268293,82,9,-0.0007358913339766384
28.0,0.05,2,strong,0.3902439024390244,82,9,-0.0007358913339766384
28.0,0.05,2,bbox,0.47560975609756095,82,9,-0.0007358913339766384
28.0,0.05,3,size,0.23170731707317074,82,9,-0.0007358913339766384
28.0,0.05,3,traj,0.7439024390243902,82,9,-0.0007358913339766384
28.0,0.05,3,std,0.35365853658536583,82,9,-0.0007358913339766384
28.0,0.05,3,strong,0.5853658536585366,82,9,-0.0007358913339766384
28.0,0.05,3,bbox,0.32926829268292684,82,9,-0.0007358913339766384
28.0,0.05,4,size,0.5853658536585366,82,9,-0.0007358913339766384
28.0,0.05,4,traj,0.8292682926829268,82,9,-0.0007358913339766384
28.0,0.05,4,std,0.4634146341463415,82,9,-0.0007358913339766384
28.0,0.05,4,strong,0.4024390243902439,82,9,-0.0007358913339766384
28.0,0.05,4,bbox,0.5487804878048781,82,9,-0.0007358913339766384
28.0,0.05,5,size,0.45121951219512196,82,9,-0.0007358913339766384
28.0,0.05,5,traj,0.7804878048780488,82,9,-0.0007358913339766384
28.0,0.05,5,std,0.2926829268292683,82,9,-0.0007358913339766384
28.0,0.05,5,strong,0.4878048780487805,82,9,-0.0007358913339766384
28.0,0.05,5,bbox,0.7682926829268293,82,9,-0.0007358913339766384
28.0,0.05,6,size,0.4634146341463415,82,9,-0.0007358913339766384
28.0,0.05,6,traj,0.7804878048780488,82,9,-0.0007358913339766384
28.0,0.05,6,std,0.3780487804878049,82,9,-0.0007358913339766384
28.0,0.05,6,strong,0.6341463414634146,82,9,-0.0007358913339766384
28.0,0.05,6,bbox,0.6585365853658537,82,9,-0.0007358913339766384
28.0,0.05,7,size,0.43902439024390244,82,9,-0.0007358913339766384
28.0,0.05,7,traj,0.8170731707317073,82,9,-0.0007358913339766384
28.0,0.05,7,std,0.43902439024390244,82,9,-0.0007358913339766384
28.0,0.05,7,strong,0.4268292682926829,82,9,-0.0007358913339766384
28.0,0.05,7,bbox,0.5975609756097561,82,9,-0.0007358913339766384
28.0,0.05,8,size,0.3048780487804878,82,9,-0.0007358913339766384
28.0,0.05,8,traj,0.7682926829268293,82,9,-0.0007358913339766384
28.0,0.05,8,std,0.25609756097560976,82,9,-0.0007358913339766384
28.0,0.05,8,strong,0.5,82,9,-0.0007358913339766384
28.0,0.05,8,bbox,0.4024390243902439,82,9,-0.0007358913339766384
28.0,0.05,9,size,0.5121951219512195,82,9,-0.0007358913339766384
28.0,0.05,9,traj,0.8414634146341463,82,9,-0.0007358913339766384
28.0,0.05,9,std,0.47560975609756095,82,9,-0.0007358913339766384
28.0,0.05,9,strong,0.4634146341463415,82,9,-0.0007358913339766384
28.0,0.05,9,bbox,0.4268292682926829,82,9,-0.0007358913339766384
28.0,0.05,10,size,0.5609756097560976,82,9,-0.0007358913339766384
28.0,0.05,10,traj,0.7682926829268293,82,9,-0.0007358913339766384
28.0,0.05,10,std,0.6707317073170732,82,9,-0.0007358913339766384
28.0,0.05,10,strong,0.6219512195121951,82,9,-0.0007358913339766384
28.0,0.05,10,bbox,0.6219512195121951,82,9,-0.0007358913339766384
30.0,0.1,1,size,0.4228571428571429,175,8,0.0006796835319232766
30.0,0.1,1,traj,0.7657142857142857,175,8,0.0006796835319232766
30.0,0.1,1,std,0.3942857142857143,175,8,0.0006796835319232766
30.0,0.1,1,strong,0.44,175,8,0.0006796835319232766
30.0,0.1,1,bbox,0.3657142857142857,175,8,0.0006796835319232766
30.0,0.1,2,size,0.49142857142857144,175,8,0.0006796835319232766
30.0,0.1,2,traj,0.7371428571428571,175,8,0.0006796835319232766
30.0,0.1,2,std,0.46285714285714286,175,8,0.0006796835319232766
30.0,0.1,2,strong,0.3657142857142857,175,8,0.0006796835319232766
30.0,0.1,2,bbox,0.36,175,8,0.0006796835319232766
30.0,0.1,3,size,0.2342857142857143,175,8,0.0006796835319232766
30.0,0.1,3,traj,0.6971428571428572,175,8,0.0006796835319232766
30.0,0.1,3,std,0.46285714285714286,175,8,0.0006796835319232766
30.0,0.1,3,strong,0.4857142857142857,175,8,0.0006796835319232766
30.0,0.1,3,bbox,0.41714285714285715,175,8,0.0006796835319232766
30.0,0.1,4,size,0.6171428571428571,175,8,0.0006796835319232766
30.0,0.1,4,traj,0.7771428571428571,175,8,0.0006796835319232766
30.0,0.1,4,std,0.5314285714285715,175,8,0.0006796835319232766
30.0,0.1,4,strong,0.5142857142857142,175,8,0.0006796835319232766
30.0,0.1,4,bbox,0.33714285714285713,175,8,0.0006796835319232766
30.0,0.1,5,size,0.37714285714285717,175,8,0.0006796835319232766
30.0,0.1,5,traj,0.7314285714285714,175,8,0.0006796835319232766
30.0,0.1,5,std,0.49714285714285716,175,8,0.0006796835319232766
30.0,0.1,5,strong,0.5314285714285715,175,8,0.0006796835319232766
30.0,0.1,5,bbox,0.56,175,8,0.0006796835319232766
30.0,0.1,6,size,0.4514285714285714,175,8,0.0006796835319232766
30.0,0.1,6,traj,0.7314285714285714,175,8,0.0006796835319232766
30.0,0.1,6,std,0.52,175,8,0.0006796835319232766
30.0,0.1,6,strong,0.5257142857142857,175,8,0.0006796835319232766
30.0,0.1,6,bbox,0.5371428571428571,175,8,0.0006796835319232766
30.0,0.1,7,size,0.4114285714285714,175,8,0.0006796835319232766
30.0,0.1,7,traj,0.7542857142857143,175,8,0.0006796835319232766
30.0,0.1,7,std,0.4514285714285714,175,8,0.0006796835319232766
30.0,0.1,7,strong,0.41714285714285715,175,8,0.0006796835319232766
30.0,0.1,7,bbox,0.48,175,8,0.0006796835319232766
30.0,0.1,8,size,0.32571428571428573,175,8,0.0006796835319232766
30.0,0.1,8,traj,0.72,175,8,0.0006796835319232766
30.0,0.1,8,std,0.49142857142857144,175,8,0.0006796835319232766
30.0,0.1,8,strong,0.4742857142857143,175,8,0.0006796835319232766
30.0,0.1,8,bbox,0.5828571428571429,175,8,0.0006796835319232766
30.0,0.1,9,size,0.5028571428571429,175,8,0.0006796835319232766
30.0,0.1,9,traj,0.7714285714285715,175,8,0.0006796835319232766
30.0,0.1,9,std,0.48,175,8,0.0006796835319232766
30.0,0.1,9,strong,0.5885714285714285,175,8,0.0006796835319232766
30.0,0.1,9,bbox,0.34285714285714286,175,8,0.0006796835319232766
30.0,0.1,10,size,0.5028571428571429,175,8,0.0006796835319232766
30.0,0.1,10,traj,0.7314285714285714,175,8,0.0006796835319232766
30.0,0.1,10,std,0.5771428571428572,175,8,0.0006796835319232766
30.0,0.1,10,strong,0.5371428571428571,175,8,0.0006796835319232766
30.0,0.1,10,bbox,0.56,175,8,0.0006796835319232766
30.0,0.05,1,size,0.3978494623655914,93,7,-0.00383476292526345
30.0,0.05,1,traj,0.7849462365591398,93,7,-0.00383476292526345
30.0,0.05,1,std,0.3548387096774194,93,7,-0.00383476292526345
30.0,0.05,1,strong,0.41935483870967744,93,7,-0.00383476292526345
30.0,0.05,1,bbox,0.3010752688172043,93,7,-0.00383476292526345
30.0,0.05,2,size,0.45161290322580644,93,7,-0.00383476292526345
30.0,0.05,2,traj,0.7634408602150538,93,7,-0.00383476292526345
30.0,0.05,2,std,0.44086021505376344,93,7,-0.00383476292526345
30.0,0.05,2,strong,0.3548387096774194,93,7,-0.00383476292526345
30.0,0.05,2,bbox,0.34408602150537637,93,7,-0.00383476292526345
30.0,0.05,3,size,0.20430107526881722,93,7,-0.00383476292526345
30.0,0.05,3,traj,0.7204301075268817,93,7,-0.00383476292526345
30.0,0.05,3,std,0.44086021505376344,93,7,-0.00383476292526345
30.0,0.05,3,strong,0.44086021505376344,93,7,-0.00383476292526345
30.0,0.05,3,bbox,0.40860215053763443,93,7,-0.00383476292526345
30.0,0.05,4,size,0.6129032258064516,93,7,-0.00383476292526345
30.0,0.05,4,traj,0.8064516129032258,93,7,-0.00383476292526345
30.0,0.05,4,std,0.5483870967741935,93,7,-0.00383476292526345
30.0,0.05,4,strong,0.44086021505376344,93,7,-0.00383476292526345
30.0,0.05,4,bbox,0.24731182795698925,93,7,-0.00383476292526345
30.0,0.05,5,size,0.34408602150537637,93,7,-0.00383476292526345
30.0,0.05,5,traj,0.7634408602150538,93,7,-0.00383476292526345
30.0,0.05,5,std,0.4946236559139785,93,7,-0.00383476292526345
30.0,0.05,5,strong,0.5268817204301075,93,7,-0.00383476292526345
30.0,0.05,5,bbox,0.5268817204301075,93,7,-0.00383476292526345
30.0,0.05,6,size,0.44086021505376344,93,7,-0.00383476292526345
30.0,0.05,6,traj,0.7634408602150538,93,7,-0.00383476292526345
30.0,0.05,6,std,0.5268817204301075,93,7,-0.00383476292526345
30.0,0.05,6,strong,0.4838709677419355,93,7,-0.00383476292526345
30.0,0.05,6,bbox,0.5483870967741935,93,7,-0.00383476292526345
30.0,0.05,7,size,0.3655913978494624,93,7,-0.00383476292526345
30.0,0.05,7,traj,0.7634408602150538,93,7,-0.00383476292526345
30.0,0.05,7,std,0.45161290322580644,93,7,-0.00383476292526345
30.0,0.05,7,strong,0.3870967741935484,93,7,-0.00383476292526345
30.0,0.05,7,bbox,0.4731182795698925,93,7,-0.00383476292526345
30.0,0.05,8,size,0.2903225806451613,93,7,-0.00383476292526345
30.0,0.05,8,traj,0.7526881720430108,93,7,-0.00383476292526345
30.0,0.05,8,std,0.4946236559139785,93,7,-0.00383476292526345
30.0,0.05,8,strong,0.44086021505376344,93,7,-0.00383476292526345
30.0,0.05,8,bbox,0.5698924731182796,93,7,-0.00383476292526345
30.0,0.05,9,size,0.4946236559139785,93,7,-0.00383476292526345
30.0,0.05,9,traj,0.7956989247311828,93,7,-0.00383476292526345
30.0,0.05,9,std,0.44086021505376344,93,7,-0.00383476292526345
30.0,0.05,9,strong,0.5913978494623656,93,7,-0.00383476292526345
30.0,0.05,9,bbox,0.3118279569892473,93,7,-0.00383476292526345
30.0,0.05,10,size,0.5268817204301075,93,7,-0.00383476292526345
30.0,0.05,10,traj,0.7634408602150538,93,7,-0.00383476292526345
30.0,0.05,10,std,0.5376344086021505,93,7,-0.00383476292526345
30.0,0.05,10,strong,0.5053763440860215,93,7,-0.00383476292526345
30.0,0.05,10,bbox,0.5806451612903226,93,7,-0.00383476292526345
