day,model,median_p,frac_p_lt_05
3.0,std,0.6000019438750511,0.0
3.0,strong,0.6443624218153975,0.0
3.0,bbox,0.3428240335590281,0.0
6.0,std,0.8086170221527273,0.0
6.0,strong,0.6991770445531238,0.0
6.0,bbox,0.23253421337839814,0.0
8.0,std,0.6155163869872435,0.0
8.0,strong,0.7885626294404842,0.0
8.0,bbox,0.6908623266808916,0.0
10.0,std,0.7577986067390846,0.0
10.0,strong,0.8109192108125082,0.0
10.0,bbox,0.5559618505209025,0.0
13.0,std,0.829531210555926,0.0
13.0,strong,0.6729282881797973,0.0
13.0,bbox,0.41165537006486563,0.0
15.0,std,0.5778937780286686,0.0
15.0,strong,0.42940052631020953,0.0
15.0,bbox,0.003475033826144515,0.8
17.0,std,0.4046309622195714,0.1
17.0,strong,0.40978531202487894,0.0
17.0,bbox,0.03930861520170316,0.6
20.5,std,0.17856790882572365,0.2
20.5,strong,0.029140490064058097,0.6
20.5,bbox,0.0008062769452837066,1.0
24.0,std,0.49746043604848855,0.0
24.0,strong,0.08223139636304101,0.3
24.0,bbox,0.018918373054585068,0.8
28.0,std,0.5988244848411721,0.2
28.0,strong,0.014184534010651416,0.7
28.0,bbox,0.00825149885935581,0.7
30.0,std,0.5299247323363228,0.1
30.0,strong,0.21110123033242928,0.2
30.0,bbox,0.06279440457316664,0.5
