model,day,auc,bal,size_auc,size_bal,flex_auc,same,gain,gain_flex,ba2_auc,ba2_size,ba2_same,old_auc,gain_wins,gain_flex_wins,n,n_bad,old_run_auc
std,3.0,0.5239853076216712,0.543030303030303,0.6940036730945822,0.636969696969697,0.7103673094582186,0.5313598166539343,-0.009283746556473816,-0.007943067033976148,0.4856754658385093,0.3550077639751553,0.502877192982456,0.545391304347826,2,3,198,33,0.5016521739130435
strong,3.0,0.5166850321395776,0.5275757575757576,0.6940036730945822,0.636969696969697,0.7103673094582186,0.5040679908326967,-0.0040312213039485735,-0.0037006427915519113,0.5032414596273292,0.3550077639751553,0.49196491228070177,0.5095478260869566,1,2,198,33,0.4600000000000001
bbox,3.0,0.611662075298439,0.6112121212121212,0.6940036730945822,0.636969696969697,0.7103673094582186,0.573414820473644,0.001735537190082659,0.0005417814508723251,0.4373447204968944,0.3550077639751553,0.46750877192982454,0.6361043478260869,5,4,198,33,0.6399304347826086
brightbbox,3.0,0.585307621671258,0.5490909090909091,0.6940036730945822,0.636969696969697,0.7103673094582186,0.5007639419404125,0.0003397612488521551,-0.0012764003673094936,0.4957298136645963,0.3550077639751553,0.41789473684210526,0.5940869565217392,4,5,198,33,0.5752695652173914
std,6.0,0.5526721763085399,0.56,0.6301744719926539,0.6227272727272727,0.6472543617998163,0.5590658330268482,-0.008154269972451833,-0.0031221303948576916,0.5086568322981366,0.43944099378881984,0.5190136660724896,0.5694782608695652,4,5,198,33,0.5271478260869564
strong,6.0,0.5570615243342517,0.5457575757575757,0.6301744719926539,0.6227272727272727,0.6472543617998163,0.5243104082383229,-0.01116620752984392,-0.00569329660238751,0.5398680124223602,0.43944099378881984,0.5162804515745693,0.5729043478260869,2,4,198,33,0.48116521739130447
bbox,6.0,0.6634159779614325,0.6287878787878787,0.6301744719926539,0.6227272727272727,0.6472543617998163,0.6448694372931225,0.004536271808999026,0.002405876951331487,0.5538043478260869,0.43944099378881984,0.5762923351158645,0.6863999999999999,4,6,198,33,0.6503304347826087
brightbbox,6.0,0.6182185491276401,0.5936363636363637,0.6301744719926539,0.6227272727272727,0.6472543617998163,0.6435454211107025,0.011698806244260751,0.01641873278236914,0.5547360248447205,0.43944099378881984,0.6008318478906713,0.6075478260869565,8,9,198,33,0.5970434782608696
std,8.0,0.5387603305785124,0.5296969696969697,0.6986317722681359,0.6503030303030303,0.6941965105601469,0.5248069498069498,-0.018714416896235063,-0.018255280073461878,0.5055512422360249,0.3619953416149069,0.4997727272727273,0.5511826086956522,2,3,198,33,0.533408695652174
strong,8.0,0.518356290174472,0.5193939393939393,0.6986317722681359,0.6503030303030303,0.6941965105601469,0.5101544401544402,-0.010560146923783265,-0.007933884297520687,0.515527950310559,0.3619953416149069,0.5138068181818182,0.5221913043478261,2,1,198,33,0.51
bbox,8.0,0.533921028466483,0.5230303030303031,0.6986317722681359,0.6503030303030303,0.6941965105601469,0.491003861003861,-0.0023691460055096482,-0.0016161616161615932,0.46832298136645967,0.3619953416149069,0.47846590909090914,0.5470260869565217,3,4,198,33,0.5163130434782609
brightbbox,8.0,0.566574839302112,0.55,0.6986317722681359,0.6503030303030303,0.6941965105601469,0.48988416988416983,-0.018126721763085385,-0.013792470156106507,0.5003881987577641,0.3619953416149069,0.4476704545454545,0.5704695652173913,2,3,198,33,0.5469391304347827
std,10.0,0.518989898989899,0.5212121212121212,0.6837649219467401,0.6227272727272728,0.6685032139577595,0.5150537634408603,-0.006042240587695158,-0.010927456382001821,0.5173913043478261,0.44390527950310554,0.5109022556390976,0.5257391304347826,2,0,198,33,0.5062608695652174
strong,10.0,0.5787970615243342,0.516969696969697,0.6837649219467401,0.6227272727272728,0.6685032139577595,0.5118023553507425,-0.00813590449954087,-0.008631772268135907,0.5207298136645963,0.44390527950310554,0.4883458646616542,0.5733391304347826,2,4,198,33,0.47189565217391305
bbox,10.0,0.5523783287419651,0.5209090909090909,0.6837649219467401,0.6227272727272728,0.6685032139577595,0.4626728110599078,0.004058769513314964,0.01131313131313132,0.45516304347826086,0.44390527950310554,0.4521804511278196,0.5572173913043478,5,7,198,33,0.553078260869565
brightbbox,10.0,0.5813039485766758,0.5557575757575758,0.6837649219467401,0.6227272727272728,0.6685032139577595,0.5020481310803891,-0.00370982552800736,-0.0015243342516069957,0.4930512422360248,0.44390527950310554,0.4848120300751879,0.6164521739130435,2,3,198,33,0.6264695652173913
std,13.0,0.4870064279155188,0.5054545454545455,0.454416896235078,0.4548484848484848,0.6360330578512396,0.4946741245136187,-0.0060055096418732854,-0.009935720844811768,0.4959239130434783,0.5665760869565217,0.491846298031865,0.5002782608695653,5,4,198,33,0.5149913043478261
strong,13.0,0.5176308539944904,0.5024242424242424,0.454416896235078,0.4548484848484848,0.6360330578512396,0.5221789883268483,0.0017447199265380963,-0.004591368227731885,0.5117624223602485,0.5665760869565217,0.517900656044986,0.509304347826087,6,4,198,33,0.5066434782608695
bbox,13.0,0.48071625344352614,0.5057575757575757,0.454416896235078,0.4548484848484848,0.6360330578512396,0.4741731517509728,0.013829201101928378,0.0050505050505050605,0.48233695652173914,0.5665760869565217,0.49390815370196817,0.48382608695652174,7,4,198,33,0.4530086956521739
brightbbox,13.0,0.4999816345270891,0.510909090909091,0.454416896235078,0.4548484848484848,0.6360330578512396,0.4960359922178988,-0.003856749311294794,-0.016326905417814463,0.5091420807453416,0.5665760869565217,0.5036082474226804,0.49989565217391296,6,1,198,33,0.5032
std,15.0,0.5117263544536271,0.5236363636363637,0.4460697887970615,0.4663636363636363,0.6240679522497705,0.517352614015573,0.0006887052341597699,-0.003663911845730039,0.522263198757764,0.6453804347826086,0.5011320754716981,0.5324521739130434,6,4,198,33,0.5465391304347825
strong,15.0,0.5372635445362718,0.5324242424242425,0.4460697887970615,0.4663636363636363,0.6240679522497705,0.5596774193548388,-0.008126721763085343,-0.01086317722681357,0.5500388198757764,0.6453804347826086,0.5352201257861635,0.5419826086956522,5,3,198,33,0.5773217391304348
bbox,15.0,0.6228833792470156,0.583030303030303,0.4460697887970615,0.4663636363636363,0.6240679522497705,0.6244160177975527,0.01156106519742881,0.00825528007346189,0.595302795031056,0.6453804347826086,0.5966037735849057,0.6599304347826086,6,7,198,33,0.6797913043478261
brightbbox,15.0,0.6040404040404039,0.5542424242424242,0.4460697887970615,0.4663636363636363,0.6240679522497705,0.603726362625139,0.0026354453627180697,-0.005445362718089974,0.5970496894409938,0.6453804347826086,0.5806289308176101,0.6419826086956522,6,3,198,33,0.6710608695652174
std,17.0,0.5508539944903581,0.5584848484848485,0.6259504132231406,0.5954545454545455,0.7486501377410468,0.49624999999999997,-0.01067033976124887,-0.010082644628099158,0.5805124223602485,0.719138198757764,0.4496957403651115,0.6028869565217392,2,0,198,33,0.5955826086956523
strong,17.0,0.5967860422405876,0.5751515151515151,0.6259504132231406,0.5954545454545455,0.7486501377410468,0.524453125,-0.016106519742883373,-0.005564738292010996,0.6416925465838508,0.719138198757764,0.4908722109533469,0.6491478260869565,0,2,198,33,0.6300173913043479
bbox,17.0,0.6421854912764003,0.6157575757575757,0.6259504132231406,0.5954545454545455,0.7486501377410468,0.6135937499999999,-0.005895316804407702,-0.004462809917355348,0.6394021739130435,0.719138198757764,0.5411764705882353,0.7093217391304348,3,3,198,33,0.7137739130434784
brightbbox,17.0,0.6100550964187329,0.5815151515151515,0.6259504132231406,0.5954545454545455,0.7486501377410468,0.5660546875000001,-0.013957759412304904,-0.00653810835629014,0.5947787267080746,0.719138198757764,0.4755578093306288,0.6831304347826087,2,3,198,33,0.707304347826087
std,20.5,0.626940133037694,0.6152346637102735,0.6327790096082778,0.5980136733185513,0.7640428677014042,0.5516713091922005,-0.010864745011086474,-0.008795269770879577,0.6722135007849295,0.7048665620094192,0.5234782608695652,0.6987826086956523,3,3,197,33,0.7266086956521739
strong,20.5,0.6635809312638581,0.6279656319290465,0.6327790096082778,0.5980136733185513,0.7640428677014042,0.5589136490250696,0.0026237989652623693,-0.004822616407982272,0.7238226059654631,0.7048665620094192,0.478695652173913,0.7401739130434783,5,3,197,33,0.700313043478261
bbox,20.5,0.7477827050997783,0.6734571322985958,0.6327790096082778,0.5980136733185513,0.7640428677014042,0.7012534818941505,0.0394863266814486,0.0022172949002217113,0.786773940345369,0.7048665620094192,0.6386956521739131,0.822817391304348,8,3,197,33,0.8084173913043479
brightbbox,20.5,0.760550628233555,0.7087490761271249,0.6327790096082778,0.5980136733185513,0.7640428677014042,0.7140668523676881,0.03852549889135255,0.00369549150036953,0.7908163265306122,0.7048665620094192,0.638695652173913,0.8338782608695652,8,5,197,33,0.8133565217391304
std,24.0,0.714120707596254,0.6816129032258064,0.706222684703434,0.6490322580645161,0.7831425598335068,0.597984886649874,-0.0073673257023933346,0.0031841831425598486,0.7,0.7563320825515947,0.4707482993197279,0.7904347826086957,4,7,186,31,0.813495652173913
strong,24.0,0.7549011446409989,0.7116129032258065,0.706222684703434,0.6490322580645161,0.7831425598335068,0.5473551637279598,-0.025639958376690954,-0.01005202913631632,0.7493433395872421,0.7563320825515947,0.4741496598639456,0.8330434782608697,4,2,186,31,0.8015826086956522
bbox,24.0,0.7051716961498439,0.664516129032258,0.706222684703434,0.6490322580645161,0.7831425598335068,0.5183879093198993,-0.020603537981269505,-0.0017898022892820053,0.6726782363977487,0.7563320825515947,0.4034013605442177,0.7543130434782608,1,4,186,31,0.7732869565217391
brightbbox,24.0,0.7192715920915712,0.682258064516129,0.706222684703434,0.6490322580645161,0.7831425598335068,0.5347607052896726,-0.013215400624349626,0.0015400624349635628,0.6706848030018762,0.7563320825515947,0.37482993197278913,0.7842782608695652,1,5,186,31,0.8123826086956522
std,28.0,0.7714733115468408,0.7802696078431373,0.7776416122004357,0.7522194989106754,0.7866557734204793,0.4513157894736842,0.007026143790849671,0.028758169934640497,0.8362058080808081,0.8731060606060606,0.40555555555555556,0.8027304347826087,7,8,163,27,0.8044173913043478
strong,28.0,0.7761437908496732,0.7609613289760349,0.7776416122004357,0.7522194989106754,0.7866557734204793,0.4828947368421053,-0.03681917211328976,0.0023965141612200536,0.8433080808080808,0.8731060606060606,0.46805555555555556,0.8053217391304347,4,5,163,27,0.819095652173913
bbox,28.0,0.8110294117647058,0.7583061002178649,0.7776416122004357,0.7522194989106754,0.7866557734204793,0.56140350877193,0.0007080610021786393,0.006699346405228757,0.8709595959595958,0.8731060606060606,0.5513888888888889,0.8315478260869564,3,5,163,27,0.8273739130434784
brightbbox,28.0,0.7770152505446624,0.7512799564270153,0.7776416122004357,0.7522194989106754,0.7866557734204793,0.4833333333333333,0.00653594771241831,0.005419389978213507,0.8635101010101011,0.8731060606060606,0.5750000000000001,0.8130086956521738,6,5,163,27,0.8082260869565218
std,30.0,0.7081066666666667,0.6983333333333333,0.7002666666666666,0.6714666666666667,0.8706400000000001,0.48684210526315785,-0.031413333333333314,-0.020479999999999988,0.7155451225873761,0.7250912884715701,0.41780821917808214,0.8017043478260868,1,3,155,30,0.8104000000000001
strong,30.0,0.7939733333333333,0.7579333333333333,0.7002666666666666,0.6714666666666667,0.8706400000000001,0.4926315789473684,0.06898666666666667,-0.007813333333333306,0.7921231090245174,0.7250912884715701,0.39726027397260266,0.8464347826086958,9,2,155,30,0.8204521739130435
bbox,30.0,0.8477333333333334,0.7383333333333333,0.7002666666666666,0.6714666666666667,0.8706400000000001,0.6605263157894737,0.10434666666666667,0.008826666666666694,0.8341679707876892,0.7250912884715701,0.5136986301369862,0.8839652173913045,9,6,155,30,0.8261913043478261
brightbbox,30.0,0.8789866666666667,0.7813333333333333,0.7002666666666666,0.6714666666666667,0.8706400000000001,0.6178947368421053,0.13597333333333333,0.010640000000000028,0.8614501825769432,0.7250912884715701,0.4876712328767123,0.8973565217391306,10,6,155,30,0.8447652173913044
